ind_id,pop,STD_Length,Total_Length,Weight,inv11_pc1,inv11_pc2,inv18.1_pc1,inv18.1_pc2,inv18.2_pc1,inv18.2_pc2,inv18.3_pc1,inv18.3_pc2,inv24.1_pc1,inv24.1_pc2,inv11_gt,inv18.1_gt,inv18.2_gt,inv24.1_gt
D1Gen5_112,D1Gen5,47,56,0.75,-0.0635777991079094,0.009756059870595917,0.014526648369114284,0.01118943316440688,0.019826781065774835,-0.03223937863632468,0.008401731960154835,-0.02126687889332931,0.017887421339343918,-0.03697860216734903,NS,SS,SS,NN
D1Gen5_113,D1Gen5,57,67,1.56,0.02681091587652651,0.03389521676585158,0.020275881264437412,0.0014466457132147614,0.01962552321228017,-0.0174011280351003,0.00835104470428269,-0.011245717161725205,0.01789574771694813,-0.035144548318757546,SS,SS,SS,NN
D1Gen5_114,D1Gen5,49,57.4,0.8,0.026980369831341833,0.03061259675804069,0.019711440884408016,0.00891813927133947,0.0188002771623883,-0.0263781161667917,0.009007675288441486,-0.019905511617389626,0.01781130053729668,-0.04231261219401422,SS,SS,SS,NN
D1Gen5_116,D1Gen5,43,50.4,0.49,0.02419003955977609,0.03202120522940932,0.02476689465293208,0.026381567078483936,0.011088808950150741,-0.011931621951544735,0.002420418996720297,-0.016688335937259074,0.01691816043690631,-0.03478345291051099,SS,SS,SS,NN
D1Gen5_121,D1Gen5,60,71,1.55,0.026694093553735324,0.026282721815099053,0.011284557472720502,-0.014542245254887232,0.01950430112067858,-0.016034815730890828,0.015867441229301726,-0.0117518693062032,0.01756327530532751,-0.035985383672417715,SS,SS,SS,NN
D1Gen5_123,D1Gen5,51,60,0.92,-0.06613810615784751,0.005878255376311425,0.02847821832733852,0.01934809174172425,0.016898330051598846,-0.016199958687314914,0.007699837171279311,-0.008863467814121284,0.01754022914508237,-0.033219311702900683,NS,SS,SS,NN
D1Gen5_193,D1Gen5,42,49,0.55,0.023963042335232675,0.034967604145920886,0.017582033188521768,-0.007684255019340017,0.020760655262373195,-0.01751575879637187,0.010316534194082558,-0.018390550702899522,0.01788049996859813,-0.03739199873131311,SS,SS,SS,NN
D1Gen5_195,D1Gen5,40,47,0.45,0.026217539133290786,0.028050462899245,0.02500806346372943,-0.012710631137929933,0.019514018567415997,-0.018416081842141142,0.009800459020335228,-0.013475260991939492,0.017771770327250812,-0.037861643800821944,SS,SS,SS,NN
D1Gen5_199,D1Gen5,50,59,1.3,0.026503176249216012,0.02460730427173713,0.0263306817219679,-0.002425138802796149,0.01976235589839392,-0.01872654481448466,0.01014279995972495,-0.016757281876035243,0.017624750625353656,-0.03384529241869317,SS,SS,SS,NN
D1Gen5_200,D1Gen5,49,58,0.88,0.027653854909410962,0.023921353166334966,0.015442347335686626,0.017405414526904212,0.014091907599252163,-0.019816834432939766,0.006671509764326473,-0.014768466115261288,0.01696232618625887,-0.016459474094000677,SS,SS,SS,NN
D1Gen5_220,D1Gen5,58,67,1.81,0.026415980254829337,0.026166698748237936,0.01406594627505338,-0.010613413838515329,0.018870244236216655,-0.019819057102776576,0.013013558153045423,-0.01738576779871981,0.017204382805278664,-0.024410015264888153,SS,SS,SS,NN
D1Gen5_221,D1Gen5,48,58,0.97,0.026668594408464755,0.03100725272894205,0.026064234101658586,0.019195241185490916,0.02057733005491631,-0.03154313202726005,0.012251468624560405,-0.023617342434613574,0.017549728878368587,-0.032405518761554605,SS,SS,SS,NN
D1Gen5_236,D1Gen5,62,72,1.92,0.026196736924856967,0.03060503993502015,0.024816414596909607,0.02455074339043766,0.01487691744545234,-0.028057438679560343,0.004398500948238841,-0.016351892935735926,0.017815346038733283,-0.0339523696290443,SS,SS,SS,NN
D1Gen5_237,D1Gen5,63,73,2.71,0.02650330261395155,0.020715492350659663,0.013033910435685973,-0.0015552577228331278,0.019479145809559402,-0.024116009295887322,0.013289154993950232,-0.02024669134472296,0.017290069915543015,-0.025473757589167843,SS,SS,SS,NN
D1Gen5_239,D1Gen5,49,57,1.13,-0.06670493789768124,0.004379498980187073,0.016548645639816385,0.004522873925701167,0.014674647788797523,-0.011095633425868818,0.008275669080632753,-0.016644779012509613,0.017943339460102015,-0.046216060873527635,NS,SS,SS,NN
D1Gen5_240,D1Gen5,36,43,0.41,0.027033800739539184,0.026376640001466868,0.029331972047799172,0.017899825878551847,0.014508309916886786,-0.020184518565154304,0.005956142877633386,-0.007150601501968336,0.017558003941922085,-0.035635794799687766,SS,SS,SS,NN
D1Gen5_242,D1Gen5,56,66,1.68,-0.0634765548733459,0.009156250916443108,0.019633361618551348,0.02079766520869023,0.015546337330360394,-0.030721789040643536,0.007253276533578664,-0.018749066402315044,0.017816033920222546,-0.0354098352333882,NS,SS,SS,NN
D1Gen5_243,D1Gen5,45,53,0.87,0.02672575670351978,0.03749015230792841,0.023902385560742707,0.03080701018360138,0.016667979350860194,-0.02185114633226322,0.009694275848674825,-0.021702292801668504,0.017795410654132197,-0.03794238236639292,SS,SS,SS,NN
D1Gen5_245,D1Gen5,49,56,1.1,-0.06335204687182587,0.00601643690882659,0.022505401165000986,-0.007707002894390908,0.019754480986799345,-0.021607975114180323,0.010095777403487511,-0.013300171984670714,0.018011149218311408,-0.03914447048853101,NS,SS,SS,NN
D1Gen5_247,D1Gen5,48,56,0.48,-0.06565530717111889,0.002120455840116025,0.019696921784875403,0.018709266696986512,0.015925061854579498,-0.020601251676878325,0.006153054100172426,-0.013098402113909806,0.01794653209090269,-0.042020109176743224,NS,SS,SS,NN
D1Gen5_249,D1Gen5,53,62,0.98,0.026090073155994473,0.033830302948272495,0.020117401954120415,0.005409290009328984,0.016163223857343367,-0.017709742276649128,0.01020341485608865,-0.012819000920226243,0.01724749914963623,-0.026514766158551743,SS,SS,SS,NN
D1Gen5_251,D1Gen5,49,57,0.64,0.025378865406271496,0.03131830281161301,0.03042138835949984,0.014368676902600078,0.01234390586750975,-0.02040815873942345,0.008621957846116605,-0.0168620810249581,0.01838563796211482,-0.05164320137570517,SS,SS,SS,NN
D1Gen5_252,D1Gen5,61,72,1.22,0.026103032911116236,0.03256794631843512,0.024920592193056555,0.02647890079043495,0.017570308545105263,-0.026183440808729804,0.008319140183875933,-0.020005975015626433,0.017816773957780228,-0.05043064479379716,SS,SS,SS,NN
D1Gen5_253,D1Gen5,53,62,0.81,0.027251668630765037,0.0359565677279133,0.02532576424486381,0.009979826514185889,0.01881794578921099,-0.025445943605138042,0.01154945898326342,-0.021790930738603602,0.017982342994763537,-0.04171183302578901,SS,SS,SS,NN
D1Gen5_255,D1Gen5,52,60.9,0.91,0.023384656619951392,0.03661905389584936,0.020296942851209584,0.0072838954189960075,0.01613321576469655,-0.014997691364093648,0.00613524648981668,-0.016897367162462967,0.01749317380186253,-0.03398611198681538,SS,SS,SS,NN
D1Gen5_256,D1Gen5,51,59,0.69,0.026198693802464406,0.0328904247691355,0.02582308002011507,-0.010351492122938647,0.021447633197038386,-0.0190168021458056,0.008102878477247949,-0.010500531283760264,0.017506783933742217,-0.0379113532032423,SS,SS,SS,NN
D1Gen5_258,D1Gen5,48,57,0.83,0.027009111978310244,0.03059521049058841,0.0183949738318517,-0.011129895172393215,0.02032677245821522,-0.023072172157589547,0.015028178034220767,-0.021603804070720118,0.01712413194112457,-0.037673622362281486,SS,SS,SS,NN
D1Gen5_259,D1Gen5,51,60,0.77,0.026925743389878815,0.034942221889445506,0.018398679819035202,0.008879847617468463,0.015050821450423184,-0.02548775352333313,0.007512851880936607,-0.020635414092304474,0.01744031077227289,-0.039852783560920875,SS,SS,SS,NN
D1Gen5_260,D1Gen5,34,39.8,0.24,0.026716612414604105,0.03398880792686905,0.013013775027115036,0.003595239383733323,0.022490232618183097,-0.02923200462510718,0.01249652645387533,-0.022473682372178914,0.017438941903108025,-0.03431078666497784,SS,SS,SS,NN
D1Gen5_261,D1Gen5,48,55,0.79,-0.06449425049467539,0.0016149637520198026,0.011577195689516262,-0.010601250134087753,0.02150367082338463,-0.023804836895045957,0.014468673171707254,-0.020233377869124127,0.017690837884489705,-0.043853694579376254,NS,SS,SS,NN
D1Gen5_262,D1Gen5,58,68,1.47,0.02632519594081709,0.02657665612203716,0.022006236360379967,0.018566522342300072,0.013973192444276333,-0.014420613204446405,0.007158825998381125,-0.016127892604524345,0.016436348451118035,-0.017724639302179712,SS,SS,SS,NN
D1Gen5_264,D1Gen5,64,75,2.48,0.027568312658198577,0.03568338664485666,0.02537932029308202,0.03169160848027979,0.01899634193608931,-0.03307769114556934,0.01366748554581877,-0.021434793134824902,0.017477755230714005,-0.035020632610535736,SS,SS,SS,NN
D1Gen5_265,D1Gen5,56,64,1.14,0.0264389436081938,0.03353719814754863,0.023583839734823073,0.030929676027304443,0.018087245308114498,-0.02511088765581157,0.010734663612165598,-0.012784841659235914,0.017319013938023445,-0.030056413194705176,SS,SS,SS,NN
D1Gen5_266,D1Gen5,40,47,0.44,-0.06628515700732496,0.005097717771733442,0.027122440168498848,0.017445962889290303,0.014864350059111494,-0.022118351345943657,0.01049248661331816,-0.011028328984221222,0.017431961928489535,-0.035415271405563456,NS,SS,SS,NN
D1Gen5_267,D1Gen5,44,52,0.54,0.026035308809301078,0.03771197512836837,0.024907308881831236,-0.002480810843877884,0.01681379456024531,-0.016139014615511125,0.008120726024100088,-0.016243403690035255,0.017807311555355126,-0.05168687403442208,SS,SS,SS,NN
D1Gen5_271,D1Gen5,43,51,0.73,0.026916066211148646,0.03007531642100337,0.021902621800079642,0.0060774188122902795,0.01694140483435486,-0.029050404618922505,0.009182699280309816,-0.02025959375381034,0.017227943193284082,-0.034521701922327425,SS,SS,SS,NN
D1Gen5_273,D1Gen5,51,59,1.1,0.02644164414654781,0.02996799131082276,0.018921200012062548,0.008874962512711625,0.018590746026582824,-0.024522637460341466,0.010602878797802936,-0.018281247738154083,0.016702248998357858,-0.024677448120948273,SS,SS,SS,NN
D1Gen5_335,D1Gen5,42,50,0.65,-0.0654312210840159,0.0041827816326673855,0.023747815851736628,0.016159902887892465,0.017461526327143418,-0.030644780402868662,0.010030033533153333,-0.018023651372912446,0.017514883070467255,-0.03757562275868349,NS,SS,SS,NN
D1Gen5_336,D1Gen5,59,68,2.2,0.026627105238727376,0.030315514069474598,0.02138228100548551,-0.007091032317134496,0.019579266886155335,-0.015320528467549405,0.008182250536775208,-0.015021700983615716,0.017040769785775466,-0.028213644686941805,SS,SS,SS,NN
D1Gen5_337,D1Gen5,44,52,0.81,0.027612319594931812,0.033550100703777584,0.021637363541493055,0.005870009709180082,0.01913574969261529,-0.021241860899226167,0.011696925178654753,-0.011685973644681654,0.017266385804989872,-0.03747608158397356,SS,SS,SS,NN
D1Gen5_339,D1Gen5,50,57,0.76,0.027154192157983894,0.028723466394155687,0.015088923534492623,-0.004213128949112598,0.01750484586013517,-0.02470944104459172,0.013370768662090167,-0.019587195216688117,0.017591851525008886,-0.03968248683117908,SS,SS,SS,NN
D1Gen5_341,D1Gen5,55,66,1.44,-0.06555743390478595,0.0043200663083775345,0.018013428181878854,0.006982613552800529,0.01440369049314796,-0.028039465141846288,0.007829925686203196,-0.017826716817602856,0.01706981321930061,-0.028302268613962914,NS,SS,SS,NN
D1Gen5_342,D1Gen5,36,42.2,0.27,-0.0642306313164947,0.011705063651648842,0.0232064525508829,0.032759215465510444,0.015226155040360848,-0.025230561133738404,0.00857733863797781,-0.015337183007379098,0.017725482061169338,-0.05044974497730767,NS,SS,SS,NN
D1Gen5_343,D1Gen5,55,66,1.15,0.02758604223118373,0.03497842732817882,0.022750841934175585,0.002840283414187712,0.018436245619404112,-0.01862209994802946,0.008743210937047705,-0.012119845149025725,0.017193618360544602,-0.04161647367376654,SS,SS,SS,NN
D1Gen5_345,D1Gen5,54,62,1.45,-0.06636262984997236,0.001417567272727586,0.025419175810677333,0.021800819946010398,0.0139882656447852,-0.01583700726166423,0.009804033477300418,-0.01149613029657935,0.017161663827543836,-0.03944625437117056,NS,SS,SS,NN
D1Gen5_346,D1Gen5,57,67,1.29,0.02702906344470905,0.027352639573772635,0.01540245309602261,-0.011064715847921514,0.020270483004447528,-0.021009798846020142,0.014463475228559407,-0.020991748945268986,0.01733184998728096,-0.04127113047907018,SS,SS,SS,NN
D1Gen5_347,D1Gen5,53,62,1.38,0.02614605190315586,0.03432223349049218,0.014479911292734808,0.005622475902350844,0.013885206367966405,-0.018379929515674128,0.0025970560112163568,-0.0194687240580362,0.017117702785585547,-0.03242454080380525,SS,SS,SS,NN
D1Gen5_348,D1Gen5,53,62,0.98,-0.06376798840635295,0.007126091637288937,0.022087566380061558,-0.0036760327459178415,0.01814027821262095,-0.017942110918812395,0.010545977875791337,-0.011161517422026477,0.017627175513455513,-0.03319440675956925,NS,SS,SS,NN
D2Gen5_106,D2Gen5,51,59,0.72,0.0304761322763246,0.011842267316290081,0.02795050216424,0.029279775441813045,0.017084000037781964,-0.016608293010783443,0.010517126362763973,-0.022505378961816227,0.012191506281911697,-0.01831519850224402,SS,SS,SS,NN
D2Gen5_1153,D2Gen5,51,64,1.02,0.0321674377762811,0.03305130919649347,0.029807268078939204,0.04343450480126723,0.01746278339643866,-0.019393781792168635,0.012699612656210512,-0.03723095163404003,-0.08775712429950631,0.002910368592050753,SS,SS,SS,NS
D2Gen5_1155,D2Gen5,50,57,0.92,0.029695760264465625,0.024784286679876505,0.02249720282190737,0.025796967032884303,0.01635097278482822,-0.020921768634047995,0.02029413711371872,-0.05279045153879473,-0.18630566037909543,0.007879473094749073,SS,SS,SS,SS
D2Gen5_1157,D2Gen5,46,54,0.6,0.030558138782077224,0.02156249508872169,0.018647664466133133,0.0053918191806847085,0.019540159538145762,-0.010387125154243552,0.010602493700712718,-0.01763082047480009,-0.18613774111932802,0.007845794366425914,SS,SS,SS,SS
D2Gen5_1158,D2Gen5,48,56,0.73,0.031027909958996368,0.030875030044713703,0.018478235839338,-0.007356845197761079,0.017310278779165602,-0.021561804016034507,0.014897046711465821,-0.03637235692117726,-0.087958744188997115,0.0028393197144350748,SS,SS,SS,NS
D2Gen5_1161,D2Gen5,53,63,1.19,0.028146993490081457,0.021554939610428352,0.016698362385840507,0.0016061472950519642,0.012286632442529997,-0.0162924192526299,0.005200099471985902,-0.009863147746708836,-0.15877333278635192,0.002573340783370239,SS,SS,SS,SS
D2Gen5_1162,D2Gen5,69,80,2.82,0.03105529961025075,0.03021793843396112,0.013157343210456283,0.007162212937997486,0.012252488551497066,-0.02734808375873471,0.015590801597768983,-0.03987511906824941,-0.08803822603044484,-0.0027676321945485876,SS,SS,SS,NS
D2Gen5_1165,D2Gen5,65,76,2.4,0.032280287044189754,0.03488340209918446,0.020818031683788454,0.024822351582020907,0.017104731695576702,-0.018267635875062447,0.005994982845828018,-0.01376649503448223,-0.08844800800955649,-0.002026806285711964,SS,SS,SS,NS
D2Gen5_1437,D2Gen5,35,41,0.41,0.03028423088899742,0.030189900609525575,0.030223999642100992,0.04266942674818751,0.01733076183688613,-0.02228963719190896,0.014534488173323047,-0.04059976189256622,-0.08912148437741868,-0.0015089339697096328,SS,SS,SS,NS
D2Gen5_1522,D2Gen5,41,47,0.53,0.03020901554087484,0.031043299361158617,0.01933132179441959,5.260836017730032e-4,0.010405013145286615,-0.02492483902430463,0.013861260368139106,-0.020222430094002614,-0.18666997766768811,0.00785635470015487,SS,SS,SS,SS
D2Gen5_1523,D2Gen5,40,46.8,0.3,0.03124309891667813,0.033146157483844696,0.01716627907986447,0.03306606587603351,0.017562520170617175,-0.027678939351983237,0.016172775355611645,-0.029621402644091122,-0.1862833985991072,0.007854777656244585,SS,SS,SS,SS
D2Gen5_1524,D2Gen5,30,35,0.32,0.031528589586408126,0.03130387093841116,0.017745657212530092,-0.009732169323286553,0.01921548559807092,-0.022202233516936,0.013733684511970512,-0.02780849859069135,-0.18735261910619114,0.00793543183318313,SS,SS,SS,SS
D2Gen5_1525,D2Gen5,37,43.3,0.28,0.028860316026143137,0.0243608059493213,0.03137429540811191,0.03907830308827978,0.012260917237134406,-0.023598178638184007,0.012389170104207606,-0.032893842323556535,-0.08867613816303992,-3.341962831702524e-4,SS,SS,SS,NS
D2Gen5_1527,D2Gen5,44,51.4,0.49,0.028889147273515815,0.02598107629173997,0.031143230497824023,0.03144046024848013,0.013535567591958007,-0.01668538731224067,0.011163527209678404,-0.02466803034211496,-0.18657398980129933,0.007883555166393143,SS,SS,SS,SS
D2Gen5_1528,D2Gen5,42,49,0.43,0.032017443262249645,0.034643802290593516,0.015549267042824168,0.005098988535589972,0.014541453364583519,-0.026568998422931048,0.016478022768158795,-0.03839778066821494,-0.18736082957564593,0.008016546427504283,SS,SS,SS,SS
D2Gen5_209,D2Gen5,47.5,55.5,0.61,0.03165370430463943,0.029145980058257234,0.01794885388955743,0.0015167023493116436,0.01870093949810358,-0.02195523942522104,0.013787710947085422,-0.018951560916381144,-0.08790675194890284,-0.005795958903762497,SS,SS,SS,NS
D2Gen5_212,D2Gen5,53,63,0.95,0.03184569079328783,0.03490049961695806,0.020342274699789446,0.01993079951138371,0.01641977869692724,-0.017755522858042945,0.01384871431405264,-0.03825722750127377,0.012013017737313537,-0.018298952226423876,SS,SS,SS,NN
D2Gen5_213,D2Gen5,48,57,0.72,0.028909288986658475,0.026901529676539457,0.02605440477405051,0.038458301328138225,0.01599645881681817,-0.01975565939256383,0.013828975176930965,-0.032946548281177775,-0.08763130860342232,-0.004300997140278044,SS,SS,SS,NS
D2Gen5_505,D2Gen5,58,68,1.29,0.030405038970148346,0.025528608082443425,0.016887480716368555,0.005669705249768805,0.01589993643654021,-0.0266193607300332,0.01937469545358049,-0.037481187062777054,-0.0884605242788841,0.002457777699876501,SS,SS,SS,NS
D2Gen5_506,D2Gen5,50,58.5,0.73,0.03102124491290004,0.021095730421245133,0.028141967712560154,0.030931937083805965,0.013296233625750255,-0.01848948872066644,0.01713003417532449,-0.02850950300253221,-0.186955530531341,0.007939010669111915,SS,SS,SS,SS
D2Gen5_507,D2Gen5,50,59,0.58,0.028840250189240243,0.026954193209925214,0.02728393304948472,0.0352501532625607,0.013114101294422989,-0.023087793089897193,0.009538224827131746,-0.014508676505226876,-0.05881503105541792,-0.009705756910299823,SS,SS,SS,NS
D2Gen5_508,D2Gen5,54,65,0.88,0.029351649165983065,0.02310685147927438,0.025709719971260904,0.03309787264156066,0.01661948086951399,-0.02295881651512625,0.00721541989313218,-0.03315124969552178,-0.08966151145387208,-0.005139717123352773,SS,SS,SS,NS
D2Gen5_512,D2Gen5,42,49.1,0.42,0.031822813575190824,0.03368556094200939,0.02123648990459345,0.02447272929746408,0.01505045836228952,-0.025115523443944094,0.021264449621371074,-0.04596312485300204,-0.08858551172254993,-0.00567363647333877,SS,SS,SS,NS
D2Gen5_513,D2Gen5,55,64.3,0.61,0.03139846906656557,0.01563693711400462,0.019394383376520635,0.015637584565701603,0.012156446510219084,-0.0213234017578857,0.010298997430335886,-0.00922801264906327,0.01133939108531458,-0.018340354625372427,SS,SS,SS,NN
D2Gen5_514,D2Gen5,45,53,0.62,0.029174753961330086,0.02421793727499611,0.014298976494050928,0.013040124929110507,0.014873764911553775,-0.023531383447896417,0.016853215206555645,-0.03987415313912943,-0.18582621630385346,0.007819288245309062,SS,SS,SS,SS
D2Gen5_515,D2Gen5,46,56,0.6,0.03098294425075483,0.027495586453593537,0.01223436526990332,0.017386018881137964,0.013993047799292474,-0.026899714852301665,0.017575247549252195,-0.037107321650502054,-0.18638211633880272,0.007880088439371234,SS,SS,SS,SS
D2Gen5_516,D2Gen5,50,58.5,0.7,0.030509317353293132,0.028824441840569034,0.021760235259757576,0.022951577571090502,0.01372485490987857,-0.024109045375371157,0.018678403963743383,-0.04766930529877962,-0.08766158107019341,-0.002442414636196947,SS,SS,SS,NS
D2Gen5_518,D2Gen5,52,60,0.69,0.030064483267757278,0.02987511783604239,0.026783976725469543,0.03155320095303712,0.010829240291619474,-0.02117273492870556,0.014604602488600755,-0.01975734656833474,-0.05854566197508819,-0.008974788107812798,SS,SS,SS,NS
D2Gen5_519,D2Gen5,59,69,1.12,0.03096141830991891,0.02926728392334187,0.019324008776851375,0.02380478855470681,0.013984945596820371,-0.02370495291168028,0.020520168930683137,-0.04870063982753171,-0.08720454501184458,-0.003018586007003438,SS,SS,SS,NS
D2Gen5_520,D2Gen5,44,51.4,0.59,0.029796433711655843,0.024695643393281827,0.020878088365890165,0.025568840994626793,0.01426693298948284,-0.024752446724662126,0.02021445592016868,-0.04916656647543313,-0.18611717696719648,0.007784878104374867,SS,SS,SS,SS
D2Gen5_521,D2Gen5,48,56.1,0.64,0.030427249199314343,0.026708619426920564,0.02165326718486347,0.028808232126373293,0.015705158752488704,-0.02768887948407755,0.019888522010623504,-0.05107987534850227,-0.08719427062598555,-0.006490368118130601,SS,SS,SS,NS
D2Gen5_522,D2Gen5,60,71,1.15,0.029901269803838205,0.027094095733079648,0.02649809054206279,0.04432222039638963,0.014059983823699407,-0.020248580224972335,0.013381316887079582,-0.03686807615789388,-0.18708090025749965,0.007853527622588815,SS,SS,SS,SS
D2Gen5_523,D2Gen5,50,58.5,0.77,0.03209746754389763,0.034275945882339856,0.018347267457222708,-0.013358533852972702,0.00944514184339542,-0.023469905034092405,0.016561659587171835,-0.032249830889657945,-0.08712985077988523,-0.0025041863822267223,SS,SS,SS,NS
D2Gen5_524,D2Gen5,54,62,0.97,0.03171122844737134,0.032360800796979165,0.013762032138685952,0.01845197284874978,0.014994407527142598,-0.026835068270417345,0.020598417739633133,-0.04405967135608193,-0.18609318300943112,0.007781358760764814,SS,SS,SS,SS
D2Gen5_525,D2Gen5,58,67.8,0.98,0.030469286314474604,0.029298080126601966,0.01385032080979095,0.01798844574592659,0.013358112411064217,-0.025625115569486528,0.01974339370140043,-0.04592025817730281,-0.088881941742752,-0.001054608170637145,SS,SS,SS,NS
D2Gen5_526,D2Gen5,42,49.1,0.57,0.02887568433742284,0.022954711223299756,0.031310647045773354,0.04397061273241319,0.016039528082976613,-0.022136134086431156,0.015299680894006953,-0.03485839689498423,-0.18639195509371423,0.008022240194417982,SS,SS,SS,SS
D2Gen5_527,D2Gen5,57,66.7,1.09,0.029203019767498867,0.027122392942638796,0.018934240599388155,0.012716498700886028,0.00712604579920838,-0.03000955065454989,0.018845758883336478,-0.04026294733318508,-0.08902150249687638,-0.0015206327170973533,SS,SS,SS,NS
D2Gen5_529,D2Gen5,45,52.6,0.85,0.03190668311987206,0.035155626082825846,0.026840785256516047,0.026692024139806578,0.008846644321370044,-0.018839529009668367,0.016985432218429693,-0.032861640397248676,-0.18578951487293566,0.0079446893221819,SS,SS,SS,SS
D2Gen5_530,D2Gen5,50,58,0.8,0.02844493717493691,0.02210894505734616,0.02140152605254577,0.025229617328135622,0.01636133241831967,-0.0263517244057038,0.019179498116295785,-0.051798734652043286,-0.18649744675354304,0.007874171986939484,SS,SS,SS,SS
D2Gen5_532,D2Gen5,55,64.3,1.2,0.029474399528756162,0.029182652631809716,0.021195862270697252,-3.200911679703004e-4,0.015347365988883593,-0.020006870764058233,0.01752386282724187,-0.029729868787923715,-0.18665902897728023,0.007966057149110752,SS,SS,SS,SS
D2Gen5_534,D2Gen5,49,56,0.85,0.029917265438380806,0.02386630609176592,0.013890553462892856,0.004706466024529928,0.014329590368756891,-0.025816018302407647,0.01604902173194524,-0.03860997102685319,-0.08781964686851165,-0.005992774054385644,SS,SS,SS,NS
D2Gen5_537,D2Gen5,57,66.7,1.34,0.030238887851463937,0.02935809863389541,0.03142565999591356,0.049330801967033065,0.014106812007862667,-0.024448536634126272,0.01667335790811706,-0.045407539229394146,-0.08829031837563858,-0.0021175621762476037,SS,SS,SS,NS
D2Gen5_540,D2Gen5,56,66,1.3,0.02956007430774975,0.025878050977070167,0.010265751252767474,0.0038097651995726194,0.022605824180670742,-0.012172542943533803,0.013121380858041855,-0.0132988771802149,-0.08771840720281529,-0.004300758824134554,SS,SS,SS,NS
D2Gen5_541,D2Gen5,49,57.3,0.69,0.031137864105484556,0.028736028155572604,0.014168808110019323,-0.009805866262760667,0.014703955938035538,-0.018959505658419855,0.01486551457827345,-0.031574483490123664,-0.1873482875891103,0.007918992364523434,SS,SS,SS,SS
D2Gen5_545,D2Gen5,49,57.3,0.8,0.029588127302384342,0.028484390501358123,0.01479352576058017,-0.008861251105658682,0.012254565496093802,-0.021082589371609464,0.013346963351890605,-0.018997434986428825,-0.08723294035077087,-0.005600890699930343,SS,SS,SS,NS
D2Gen5_547,D2Gen5,53,61,1.06,0.027995570073734512,0.014447512932069112,0.020235585159330417,0.030688505030971886,0.01280944418171084,-0.022029301799658882,0.011124623877896799,-0.03362041294685503,-0.08742230642787284,-0.006247534750161874,SS,SS,SS,NS
D2Gen5_548,D2Gen5,47,55,0.57,0.030306406577266336,0.028396124042114012,0.022341020822023674,0.01809413973643819,0.016697308935344383,-0.01894280696917797,0.014333656878476137,-0.039560770890086444,-0.0873511321389172,-0.005211910427138656,SS,SS,SS,NS
D2Gen5_549,D2Gen5,50,58.5,0.63,0.02900256909587014,0.023840481909384557,0.020262278444794446,0.03155511413580413,0.012865379829026746,-0.014226209117108082,0.018954629059718966,-0.021670462853155003,0.01432982565018742,-0.01734868491699561,SS,SS,SS,NN
D2Gen5_550,D2Gen5,53,61,1,0.03109781656365026,0.011947576582213642,0.016889788684158764,0.020032529656917385,0.01160143260561775,-0.021578285261186887,0.01870476849005234,-0.04089035911313987,-0.08847267968011048,-0.006416245917710593,SS,SS,SS,NS
D2Gen5_551,D2Gen5,54,63.1,0.77,0.029419707294893207,0.018039795969247707,0.014031390011323376,-0.002415053752914024,0.018706758122218434,-0.014301831137080178,0.011598426845278629,-0.01783627679532803,-0.1874604770010961,0.007927254183145339,SS,SS,SS,SS
R1Gen5_1351,R1Gen5,71,85,2.18,-0.06429512795173764,0.003097848860600182,0.015109982483661808,0.0263306035142221,0.02676333994892944,0.015767444024062847,0.050042894632038405,0.09444083087176128,0.01658055546554007,-0.0261397096975299,NS,SS,SS,NN
R1Gen5_1354,R1Gen5,69,79,2.33,0.02236963795509758,0.02339335757353302,0.02156845820773796,0.0415783167869269,0.02105330881801435,-0.026912495266861687,0.019758122455339006,0.018066109510279454,0.015107189641887649,-0.01964907811965773,SS,SS,SS,NN
R1Gen5_1356,R1Gen5,52,62,1.11,0.025146046897375533,0.023397908520145363,0.026544312672706596,0.04266554860062295,0.01713224946556903,-0.04170738828858286,0.024138287026506132,-0.05045792658071988,0.015632135090632576,-0.03064972253552527,SS,SS,SS,NN
R1Gen5_1358,R1Gen5,62,71,1.56,0.026027341556779514,0.020438322610959778,0.025177393075821085,0.02793624818330127,0.021903968925936258,-0.008000387327970995,0.01645312693011368,8.163571607832486e-4,-0.05774558581270857,-0.012061109424320607,SS,SS,SS,NS
R1Gen5_1359,R1Gen5,53,63,0.89,-0.06609929462580784,0.003746683305133621,0.012543940211814713,0.021487015062631353,0.02033530657905278,-0.030543926970090958,0.009539354963364445,-0.008263262208528624,0.01681451281401811,-0.02889361467995792,NS,SS,SS,NN
R1Gen5_1360,R1Gen5,56,68,1.43,0.02514916511258589,0.022495777056927783,0.02016129970568341,0.020756595304722108,0.02074816437898162,-0.03683788035386846,0.027814716220669892,-0.0570186067962665,-0.056582278461313126,-0.024305593195699162,SS,SS,SS,NS
R1Gen5_1361,R1Gen5,71,84,3.07,0.025867462400233937,0.02158961620269627,0.025916529919682973,0.022577805750910333,0.012874852890514998,-0.010532872560365877,0.0159725699943191,0.002230630896307063,0.016469462463428113,-0.014159002355213545,SS,SS,SS,NN
R1Gen5_1362,R1Gen5,54,67,1.37,0.025958575455059467,0.02207267733602828,0.02163933949727064,-0.002490858016308505,0.017301813751752715,-0.01940602158742814,0.015236172042988536,-0.00879797693957929,0.014744774038235228,-0.021895604817835722,SS,SS,SS,NN
R1Gen5_1363,R1Gen5,66,79,2.35,-0.06730462220081804,0.0032495427638439176,0.017894788921465565,0.009830889306520759,0.022633960431702654,-0.03953764506096852,0.03190386541533192,-0.032102500393837975,0.01524512604941031,-0.028954183765382512,NS,SS,SS,NN
R1Gen5_1366,R1Gen5,68,79,2.77,-0.06501402785605853,-7.640629817728563e-4,0.020356097490202778,0.041702323000901174,0.02172714180096007,-0.03270229768747443,0.025816624792571068,0.02186478567755959,0.01566184748451872,-0.024992325513427296,NS,SS,SS,NN
R1Gen5_1370,R1Gen5,64,76,2.85,-0.06428299375762424,-1.7910366294421866e-4,0.02169602181724663,0.025365480564941582,0.007882592142212914,-0.018106552452974618,0.011009819359909662,-0.005800426816352385,0.015611417147627423,-0.01865795220090934,NS,SS,SS,NN
R1Gen5_1371,R1Gen5,52,63,1.18,0.025746191213646363,0.02114387045130887,0.01961878625193108,0.013566232720867584,0.02365712212503369,-0.021985067762027532,0.022635141653674366,0.016096518734160632,0.01630282558175646,-0.017547343034204604,SS,SS,SS,NN
R1Gen5_1372,R1Gen5,63,74,2.12,0.02532725193823552,0.012398903436384948,0.024276952902986416,0.03225870491041404,0.017391436351593195,-0.013532730546898762,0.016378006853440024,-3.2977019300580156e-4,0.016975482491104806,-0.013750560261786466,SS,SS,SS,NN
R1Gen5_1375,R1Gen5,70,85,3.94,0.02638415726461478,0.020016729078717314,0.016427973634889077,0.004045134506306209,0.012634561602831697,-0.024033039842602084,0.006240947866098487,-0.0078060428325890325,0.016910143684929664,-0.02887565074891123,SS,SS,SS,NN
R1Gen5_1378,R1Gen5,58,68,2,0.02403148082967924,0.020116186817160434,0.02088499666834626,0.005945553295979261,0.017876887943443,-0.019518424378862538,0.02185527820754248,0.040286304484572835,0.01672003008304887,-0.018712672268787013,SS,SS,SS,NN
R1Gen5_1381,R1Gen5,67,80,3,0.026909074710745554,0.00999378264148907,0.025209821490564114,0.019488357565543648,0.019678489648522066,-0.007361262022412252,0.017536686820264578,0.010675052680605833,0.015607946993531524,-0.02132344742073907,SS,SS,SS,NN
R1Gen5_1382,R1Gen5,53,65,1.97,0.02422851765996687,0.023631345637559566,0.02089469773189823,0.025564426430899935,0.021324617862345685,-0.01738619605666719,0.02299837992306678,0.015420135958832749,0.015705832890691607,-0.01952939391931474,SS,SS,SS,NN
R1Gen5_1383,R1Gen5,53,62,1.42,-0.0664692708451194,8.817295571493709e-5,0.014553894747929138,0.025394154088189992,0.0183969284515692,-0.029186151743693243,0.021062869660438972,0.009001723118215501,0.016167772408160343,-0.0239140917038001,NS,SS,SS,NN
R1Gen5_1384,R1Gen5,70,84,4.01,0.023804149329194748,0.022388423629604626,0.023862124766638633,0.023486164015243102,0.015576603883883317,-0.008585081803135546,0.009695733962362426,-0.003741927416204633,0.014927983008198205,-0.015460494832025067,SS,SS,SS,NN
R1Gen5_1386,R1Gen5,64,75,2.94,0.025972418239942705,0.019076805597669517,0.022054823525879043,0.02580430935501491,0.01568808503355933,-0.011705971924223204,0.0196720937085978,0.016563702966201188,0.01639766994478492,-0.019303806384048765,SS,SS,SS,NN
R1Gen5_1387,R1Gen5,72,89,4.82,-0.06658540851962845,0.001307547544275216,0.0243951327375295,0.010273409299446635,0.024460306977471154,0.04556163632908977,0.04086317974272199,0.14005915246124936,0.016626769324725482,-0.01745685867035166,NS,SS,SS,NN
R1Gen5_1388,R1Gen5,26,29,0.37,0.020137939134280677,0.02513747748394033,0.017212806254977734,-0.024447954030450053,0.02064209933914553,-0.009295061689787228,0.017950342790934114,0.009650237902283422,0.01610940086192259,-0.02036422271020103,SS,SS,SS,NN
R1Gen5_1421,R1Gen5,63,74,2.01,0.025998955723392787,0.022466541442023837,0.02240862173232305,0.03433212336085444,0.011581212636120523,-0.010697675275511662,0.009946652045509749,-0.013516519363965628,0.016615276016114653,-0.040153876270071664,SS,SS,SS,NN
R1Gen5_1422,R1Gen5,60,71,2.01,-0.15739181562320773,-0.022663920508223342,0.021042117116869905,0.020058493443142644,0.01942558258642006,-0.018488023246994702,0.014741915039708802,-7.759791110826443e-5,0.015573340395237795,-0.019886347573309548,NN,SS,SS,NN
R1Gen5_1423,R1Gen5,58,68,1.54,0.02455654478617709,0.02531820513429066,0.019241182980861946,0.037082184982972756,0.01467198910784532,-0.019544403008842727,0.012722027041505003,-0.012485516347731448,0.016592750333314886,-0.029137404089394723,SS,SS,SS,NN
R1Gen5_1424,R1Gen5,51,59,1,0.022244913113718637,0.025443458970842815,0.02064023126519734,0.043008222055688106,0.023175427091992905,-0.03136315084372355,0.025865255565396914,0.022595976421055205,0.016434287219125824,-0.01853131072540343,SS,SS,SS,NN
R1Gen5_1425,R1Gen5,51,60,1.15,-0.0667456463563778,-6.866989906148753e-4,0.010290051193755381,-0.14587108562954,0.03112796115810095,0.12646082781099616,0.041477183260889144,0.13974954532535386,-0.05781063707126797,-0.013557270002249978,NS,SS,NS,NS
R1Gen5_1426,R1Gen5,70,79,3.12,-0.06177013323933377,-0.009768709831173818,0.005302214836523437,-0.1393532954666701,0.031181389718416355,0.13222094539881032,0.03522566253741312,0.1033968482752436,0.01651931728101626,-0.029763523799077242,NS,SS,NS,NN
R1Gen5_1427,R1Gen5,63,73,2.14,0.025881851002748826,0.01845726468133929,0.015406196734940914,0.012388360572593531,0.015533547243579306,-0.02852427172861863,0.02379832583193171,0.010561831380780148,0.015687919293451744,-0.0232668207181045,SS,SS,SS,NN
R1Gen5_1428,R1Gen5,70,83,2.71,0.023529055700988438,0.020762454689590645,0.024130148849408502,0.045971096230727156,0.015574389947123285,-0.023522669691072536,0.020412262775823548,0.012209944468813941,0.016525904219016365,-0.02865765524697793,SS,SS,SS,NN
R1Gen5_1429,R1Gen5,69,78,3.16,-0.06339690265479105,-0.009765199410222861,0.019631121982665613,0.03683691163384537,0.01704923795679691,-0.023567330234041648,0.026173487434686882,0.05139625237828675,0.016530843209520835,-0.018646147195918058,NS,SS,SS,NN
R1Gen5_1430,R1Gen5,61,72,1.78,0.024830287241516466,0.02281607818290899,0.023159300017022922,0.028789947776134802,0.017020666471485545,-0.010417696848407088,0.011528925809491277,0.0037227313982683965,0.016349742044262896,-0.015978512171494354,SS,SS,SS,NN
R1Gen5_1431,R1Gen5,73,86,3.41,0.025042604840709054,0.019631120274820345,0.024628674777649198,0.04042631217212541,0.01772250837297465,-0.031948440174683054,0.017020195565001284,0.008522962738882887,0.01606370856942998,-0.039896869772623786,SS,SS,SS,NN
R1Gen5_1432,R1Gen5,64,75,2.49,-0.06582504425294933,-0.00124625419063564,0.022105063486144043,0.017852069841571432,0.015667191999525806,-0.0252378563082966,0.020419553672039226,0.007840809143394424,0.01601454124785357,-0.01848266267528088,NS,SS,SS,NN
R1Gen5_1433,R1Gen5,59,69,2,0.02480769635013527,0.020430477513322016,0.02020281605416181,0.04635114155286691,0.01999958003694625,-0.032942065711133256,0.02226411403372015,0.007250990880144947,-0.05749700815362563,-0.022660977342996273,SS,SS,SS,NS
R1Gen5_1434,R1Gen5,56,67,1.6,0.025613674095837792,0.022118194339966275,0.02309568309637157,0.012665610724218268,0.0178837913371721,-0.013077214331271219,0.018436672798979155,4.185576997665745e-4,0.016340437326032357,-0.027341007083093623,SS,SS,SS,NN
R1Gen5_1435,R1Gen5,51,67,2.1,-0.06784859817433926,0.0010890173312358786,0.00638621769498431,-0.14334878096523643,0.02741817947004169,0.11356363927102694,0.033313383587349484,0.14442878366924405,0.015260650192323288,-0.02068457697887684,NS,SS,NS,NN
R1Gen5_151,R1Gen5,43,52,0.75,0.024248909680785493,0.023186922948536026,0.02654181656967284,0.055966072572809326,0.02272146073136309,-0.036995098294505965,0.026178709142250838,0.021825122899799092,0.01670666284555328,-0.02211641788559758,SS,SS,SS,NN
R1Gen5_160,R1Gen5,61,69,1.56,-0.06404578351165136,5.593495900916924e-4,0.018052253708168566,0.014447794804271103,0.018444122536459582,-0.042909745093146226,0.028601095775431244,-0.04783264595338643,0.016552688722622486,-0.026938156254025503,NS,SS,SS,NN
R1Gen5_163,R1Gen5,59,69,1.53,0.026069750173501792,0.021338393110163653,0.016678304253550998,0.016026323742422344,0.01724752883901661,-0.029304906208026445,0.012926281651121963,0.005183788103961579,0.0156508041064605,-0.016326419371883515,SS,SS,SS,NN
R1Gen5_165,R1Gen5,55,64,1.08,0.02669803128115136,0.02214968294140908,0.02299066231088788,0.04662174135179435,0.017227022514723186,-0.024919487645625855,0.016239511437439073,-0.015208718971028682,-0.058660555142472696,-0.009200377832272656,SS,SS,SS,NS
R1Gen5_174,R1Gen5,51,57,1.32,0.020599042653960255,0.0249176437262425,0.016384995814281083,0.032293351899466236,0.0168446978899319,-0.019149486555885796,0.01166900345502771,-6.25320883798982e-4,0.016198821226568114,-0.019975016178835174,SS,SS,SS,NN
R1Gen5_607,R1Gen5,59,71,2.46,0.0262479104149906,0.019273082720239493,0.005376083567629879,-0.14771114969767418,0.0338151609222252,0.1185841316443897,0.03961046306709639,0.1077152681307136,0.016529764389528648,-0.028108044790475312,SS,SS,NS,NN
R1Gen5_610,R1Gen5,60,71,1.84,-0.06639261477821648,-4.3007900135711027e-4,0.016238929913864088,0.028337065375365227,0.015942639039251316,-0.014165085780687838,0.002777017824739119,0.0054640266971054405,0.01677201505325876,-0.024588461938641445,NS,SS,SS,NN
R1Gen5_611,R1Gen5,65,75,2.2,0.026650354516393603,0.021308852481799843,0.022720086099174246,0.038908022352802885,0.016278954379718664,-0.01842518243329394,0.015644964061722385,-0.012252548877421015,-0.057182172698137836,-0.0232243664490621,SS,SS,SS,NS
R1Gen5_614,R1Gen5,67,75,2.23,-0.06781112583024433,0.0027757494634781756,0.018081073579872098,0.018784526667991276,0.024677563693047785,0.020877318140474665,0.04587510164853669,0.14943921850690509,0.01708505899379074,-0.02109746598562188,NS,SS,SS,NN
R1Gen5_620,R1Gen5,65,77,2.46,0.023907602854552495,0.022076025777310795,0.024421726980409824,0.03679917608381587,0.019869231166332567,-0.03161225631242489,0.0228457484556842,0.006642022271747083,0.016789976393157463,-0.029748292564939112,SS,SS,SS,NN
R1Gen5_639,R1Gen5,61,70,1.95,0.027281281834822927,0.01609502174516081,0.012197523185338722,-0.15137183825244913,0.02506241497857578,0.12532395108819291,0.03741815642358805,0.1096819358562843,0.016064642424761258,-0.018554016575507835,SS,SS,NS,NN
R1Gen5_647,R1Gen5,65,78,3,0.024822571222156132,0.019831677219135778,1.469415032483572e-4,-0.1513651298102836,0.024215879134753118,0.14209218769428725,0.03527382305136879,0.14433161547292814,0.01642536554225853,-0.022494229905555316,SS,SS,NS,NN
R2Gen5_137,R2Gen5,70,82,2.07,0.028422987689894513,0.02434732833611319,0.025819597488332565,0.03238789375006438,0.013404218689586637,-0.025819172409035734,0.0239225200957263,-0.04310428290598799,0.01716752510669538,-0.011086733223796533,SS,SS,SS,NN
R2Gen5_138,R2Gen5,55,64.1,0.8,0.0290159242342573,0.033207084010395675,0.02838516390357052,0.03416414605524686,0.011988160224456463,-0.01615955331905825,0.008182551966619777,-0.020920327061001654,0.01774952469604087,0.07831034596056213,SS,SS,SS,NN
R2Gen5_140,R2Gen5,67,76,1.66,0.029317919585516085,0.029214286904928072,0.022369978850138226,0.01515126032824424,0.023352201244926277,-0.0534611688380265,0.029619076047093455,-0.08989228355010397,0.016717629438373027,-0.012172254673085033,SS,SS,SS,NN
R2Gen5_142,R2Gen5,67,89,2.09,0.030363593330915983,0.03277116361060494,0.029407747344884314,0.03561054392172773,0.015231897411524626,-0.034091984835068895,0.023983020089552748,-0.07398905673691934,0.016783362156349155,-0.010704716664270943,SS,SS,SS,NN
R2Gen5_1439,R2Gen5,59,68,1.84,0.027007969144904834,0.02584840938496584,0.029045604809334723,0.02655698804857503,0.01422919952994846,-0.04070033397646495,0.021300451770880652,-0.07410688292015531,0.017010457514047027,-0.015625919794755545,SS,SS,SS,NN
R2Gen5_1440,R2Gen5,51,60,1.08,0.02932771732267919,0.02698841011676142,0.02598001197116241,0.04514356601638055,0.008698517909921709,-0.026610550137427885,0.014878895913099092,-0.0373239177753847,0.016697294445351122,-0.012548946542576362,SS,SS,SS,NN
R2Gen5_1441,R2Gen5,55,66,1.37,0.02943071276746706,0.027028713048754194,0.01787368702649797,0.020633907234313475,0.015277384355222254,-0.04310823253046049,0.023004869786670924,-0.06385069957966517,0.01737840168543762,-0.015855572343821477,SS,SS,SS,NN
R2Gen5_1444,R2Gen5,58,66,1.43,0.029472352308252684,0.034039225116823744,0.023191797920772285,0.01477434396903584,0.022041830035974593,-0.05501983041879363,0.02930224850616762,-0.07688588620533592,0.018195379681415515,0.09730667590285742,SS,SS,SS,NN
R2Gen5_1445,R2Gen5,58,67,1.41,0.028620147660568068,0.028468276846890826,0.024805065364097132,0.030821083444516836,0.022146689924777006,-0.04951689089044048,0.030264563729149988,-0.08214044555534955,0.017309230461817104,-0.017791172408629072,SS,SS,SS,NN
R2Gen5_1446,R2Gen5,48,55,0.98,0.029307104931228057,0.03261508386655412,0.024103990677202914,0.0286796660904674,0.0172269482622958,-0.02409393025754184,0.024115303779830566,-0.05534551938303645,0.017149480995564865,-0.017669500588580783,SS,SS,SS,NN
R2Gen5_144,R2Gen5,76,90,2.78,-0.06481385858695486,0.007699579340093561,0.0305059128455566,0.040485975387675927,0.010464056765098977,-0.04340203961913813,0.021931272795431004,-0.07736820400697277,0.017286160891924588,-0.01692814063556574,NS,SS,SS,NN
R2Gen5_145,R2Gen5,80,92,3.89,0.02860916409394101,0.026859785380143057,0.028139352778539514,0.051888840176641055,0.019850649459350243,-0.04899611006429004,0.025291327192642196,-0.08015778433477765,0.016763351947832166,-0.01086246130977355,SS,SS,SS,NN
R2Gen5_146,R2Gen5,52,64,1.22,-0.1565266041014499,-0.022020125239504612,0.036390678978462654,0.052410094951106254,0.009871552195199123,-0.0427300616003385,0.019493633429151867,-0.07685683176649205,0.0169799670498772,-0.0161494357502196,NN,SS,SS,NN
R2Gen5_1503,R2Gen5,53,63,1.33,0.028953131328883646,0.028642030582579633,0.010862752542888252,0.02245423041747875,0.013318008451903621,-0.02784364008642728,0.02017870267367089,-0.05119077449247863,0.017347561877478324,-0.01860610572587663,SS,SS,SS,NN
R2Gen5_1516,R2Gen5,45,52,0.74,0.029464271417242026,0.03603992509903524,0.03341672644408465,0.04243391270458481,0.022671266640624882,-0.044804965666522735,0.0354442308527001,-0.0803916800814228,0.017047478792084486,-0.01231558119641372,SS,SS,SS,NN
R2Gen5_649,R2Gen5,59,68,1.43,-0.06324308956366506,0.0079072645715351,0.028836987370948877,0.032467851104369005,0.01805350515140514,-0.03947318574030386,0.027150772860944302,-0.08063782126764854,0.018228357597439186,0.10675856496178274,NS,SS,SS,NN
R2Gen5_650,R2Gen5,60,70,1.8,0.028231852354313677,0.035483211432745076,0.0227556135883525,0.02860323428922019,0.02082557280670549,-0.031345901161995884,0.010886298143893547,-0.018655145482566318,0.017448902531071307,-0.01744302670505797,SS,SS,SS,NN
R2Gen5_651,R2Gen5,60,67,1.66,0.027415420007364046,0.024928844567051942,0.014557809595393496,0.007005602110243925,0.014215061283562857,-0.016141050018077422,0.009630432927263326,-0.01676593269623611,0.01728785175839919,-0.014390342600970198,SS,SS,SS,NN
R2Gen5_652,R2Gen5,59,68,1.53,-0.06590526734159854,-7.06533491890634e-4,0.023028556142687624,-0.005055894045446429,0.020482090857780275,-0.013585180242697144,0.013281023558422034,-1.4676946821646068e-5,0.01601479693305289,-0.020126904637862795,NS,SS,SS,NN
R2Gen5_653,R2Gen5,68,78,2.58,0.028891524135576635,0.02905085623303754,0.03141702241402232,0.034174571920593255,0.014815298386680739,-0.03950786423035275,0.019353450558938393,-0.05032196679496185,0.017051169867478722,-0.018267614660963927,SS,SS,SS,NN
R2Gen5_654,R2Gen5,72,79,3.06,0.028049260790846877,0.02193207704547715,0.0064783250069745885,0.006431929166028686,0.013079359841103195,-0.01757887302809448,0.013845739566230001,-0.015669730302888214,0.017403409462970577,-0.01869057301684686,SS,SS,SS,NN
R2Gen5_655,R2Gen5,52,62,1.05,0.026661848304003734,0.027022688213326006,0.028590972754814786,0.03558227978570835,0.006583108375154474,-0.025626840719890343,-0.029449915997251646,-0.0375299416271864,0.01742879507794151,-0.01902952749985694,SS,SS,SS,NN
R2Gen5_656,R2Gen5,63,74,2.23,0.024240424170145644,0.020670881230532286,0.011763728935536668,-0.15964272578897606,0.03214586764436837,0.12553135478749736,0.032274311303484716,0.09270226220330727,0.0168774418948727,-0.014008595172862374,SS,SS,NS,NN
R2Gen5_657,R2Gen5,49,57.1,0.93,0.029513421355706653,0.03460323490287513,0.021692901774776348,0.025442714473520645,0.017716033012432447,-0.031988607822471225,0.014545961476885933,-0.019194406977278936,0.017293349565210205,-0.013208589378168618,SS,SS,SS,NN
R2Gen5_662,R2Gen5,69,80,2.48,0.026918105280289487,0.024705464704773316,0.01761183501815749,0.017139755532791522,0.011597599623911275,-0.02406015693756742,0.01124981311361831,-0.017731057995248416,0.017137184046247072,-0.013229211775029578,SS,SS,SS,NN
R2Gen5_663,R2Gen5,56,66,1.58,0.030364698565768653,0.03174565429951891,0.030045512260769885,0.04239242590234608,0.00827081098767061,-0.028559354871233643,0.01325516916895542,-0.05565795657001779,0.017516430109300245,-0.014524439563703199,SS,SS,SS,NN
R2Gen5_664,R2Gen5,62,71,2.65,0.028871208747513543,0.030809381285968006,0.028465058869538075,0.030280345264909928,0.0174657640038787,-0.013273265485660104,0.007513025610678388,-0.01446210190178788,0.017510768533590904,0.08326633916558879,SS,SS,SS,NN
R2Gen5_665,R2Gen5,58,67,1.64,-0.06424752015222278,0.006704628776543703,-0.09084719097822519,0.038336681481147966,-0.08705603869075189,-0.01977345604527007,-0.03150165417083483,-0.03740389095209512,0.017126232059739732,-0.016162180508325914,NS,NS,SS,NN
R2Gen5_666,R2Gen5,65,74,2.56,-0.0630070257551767,0.010278551104875905,0.02876076897866008,0.04710241573173281,0.010258496681207178,-0.03939625398289985,0.017959643775548196,-0.07267701428185717,0.017391277064785885,-0.01684158512255649,NS,SS,SS,NN
R2Gen5_668,R2Gen5,67,78,2.5,0.02879088536335244,0.03504472387752052,0.026175233314398274,0.024081991883866095,0.022702229235400693,-0.0347066576207425,0.023722434320799842,-0.058248333628549746,0.017048349290246862,-0.015250604595032682,SS,SS,SS,NN
R2Gen5_671,R2Gen5,69,81,2.59,0.028973194644574738,0.031491084267798626,0.030681933154664033,0.03631328671757796,0.012360570006391548,-0.03384456634904012,0.014660976676701994,-0.04854365616309685,0.018128483272879047,0.10607935313211425,SS,SS,SS,NN
R2Gen5_672,R2Gen5,55,65,1.33,0.030215872169558913,0.029656918161430755,0.024562917600869823,0.017295907089821563,0.019883097160871912,-0.05268491234473998,0.03182297764248477,-0.08413753582386037,0.016569730437739565,-0.01240140759456126,SS,SS,SS,NN
R2Gen5_674,R2Gen5,63,72,2.06,0.029497584171597847,0.023496523918462586,0.01958297658647149,0.006684130923351306,0.02556026651952554,-0.0556018240485446,0.03644196078313578,-0.08625311906483356,0.01695407825522534,-0.017640191332574245,SS,SS,SS,NN
R2Gen5_677,R2Gen5,62,72,2.16,0.02882228714843158,0.031226832363732995,0.02859613740525693,0.032473253460528546,0.015047735296472612,-0.044834919109815255,0.015263964816679127,-0.04735342153481052,0.016980834848519023,-0.015864785146316153,SS,SS,SS,NN
R2Gen5_678,R2Gen5,54,62.9,1.28,0.023998027390323622,0.02059210555676467,0.0356544722216805,0.04686407491712361,0.018201793789106857,-0.05035721616128643,0.03149331098715279,-0.08127936970471253,0.017039100900120892,-0.021246145442963566,SS,SS,SS,NN
R2Gen5_679,R2Gen5,59,70,1.68,0.028959232872943306,0.03028726996970255,0.027994598092656916,0.03061774909218951,0.018087576978571187,-0.05215236179939164,0.025048248302558876,-0.07611114962868337,0.01665121248556065,-0.01666579712761989,SS,SS,SS,NN
R2Gen5_680,R2Gen5,61,71,1.73,0.026429694221650004,0.022487983326485668,0.023598338283659908,0.012736744572096816,0.020772876152957743,-0.05518768962067313,0.02947933385999553,-0.08539443455712073,0.017292553435037748,-0.021503111118857547,SS,SS,SS,NN
R2Gen5_682,R2Gen5,70,80,2.94,0.029668128980511514,0.035837324718459886,0.0249790462962923,0.0419774797404091,0.019100105143289525,-0.02386329600987951,0.008639598116772106,-0.02016011898254849,0.017854155285141567,0.09817149106974983,SS,SS,SS,NN
R2Gen5_683,R2Gen5,60,68,1.84,-0.06395763075511805,0.0011590096781439148,-0.08798456567865175,0.036044774464814966,-0.0942462791439377,-0.013157197604838598,-0.02515639340679266,-0.05010318787541533,0.016281834407251904,-0.01311985914718608,NS,NS,SS,NN
R2Gen5_684,R2Gen5,54,61,1.18,0.0280588827728589,0.022195222850124062,0.030255816314214982,0.03808775940957625,0.015840823797219555,-0.032592641397017154,0.018499982722469114,-0.04841456363729745,0.017014060391131996,-0.016664179665310412,SS,SS,SS,NN
R2Gen5_686,R2Gen5,51,60,1,0.028362739825484786,0.025199335402564044,0.025352113378709736,0.036007949640229506,0.027126580591939106,0.002984460904410435,0.03444930709326489,0.029943376816515148,0.017246965308349158,-0.015783570476120293,SS,SS,SS,NN
R2Gen5_687,R2Gen5,67,77,2.26,0.028566345671153962,0.03541925872008383,0.02124851170850465,0.017181083514463926,0.01755698356988331,-0.03829806848900705,0.021123955925598237,-0.056706786818972475,0.017082503649799425,-0.012163606964498096,SS,SS,SS,NN
R2Gen5_688,R2Gen5,66,80,2.84,0.02870280005109533,0.029402917470706072,0.025257212188055562,0.033095274754411465,0.022571117241487065,-0.053777739204391696,0.030695733398428855,-0.0837932891718196,0.01804324455196747,0.09483247410458963,SS,SS,SS,NN
R2Gen5_689,R2Gen5,64,74.5,2.16,0.02927150505091322,0.030008017274395518,0.026788659447798107,0.030543051931093797,0.021928880940707416,-0.053999798144987246,0.03091143967999921,-0.08234219196292346,0.018122794257637933,0.11943425096398098,SS,SS,SS,NN
R2Gen5_690,R2Gen5,60,68,1.59,0.030325547716776056,0.035050526976197045,0.03599133936392504,0.053783640023029614,0.007158150792125205,-0.032359480820036715,0.015998489480894818,-0.06786095684783051,0.017181254418812127,-0.01577058879841432,SS,SS,SS,NN
R2Gen5_691,R2Gen5,55,64,1.12,0.027974501575315232,0.02742885589657465,0.02566444801458679,0.03280467190794313,0.019796340407638325,-0.03577234881032846,0.025565417630666065,-0.055443978013606086,0.016854453070538646,-0.016276393889152498,SS,SS,SS,NN
R2Gen5_693,R2Gen5,67,79,3.04,0.02946265839434247,0.03604972789388924,0.006868996767541475,0.003936131570814106,0.01417565287337565,-0.01761016225907291,0.009317208750010323,-0.01763105627608105,0.01703736114665521,-0.01738208991552487,SS,SS,SS,NN
R2Gen5_694,R2Gen5,53,62,1.38,0.030392398882150194,0.03255076557250311,0.023103490505866926,0.020464268787718207,0.014376603184920293,-0.032345183558860305,0.029521308236647406,-0.08280315924640033,0.017478257142591574,-0.01799615884049343,SS,SS,SS,NN
R2Gen5_695,R2Gen5,53,61.7,1.44,0.029164669665873215,0.03927919001326976,0.021079446597455167,0.016099355608013795,0.015881858539793906,-0.03885888909889564,0.01951810484658968,-0.05787270492602605,0.017017801407292945,-0.011932148403883394,SS,SS,SS,NN
R2Gen5_696,R2Gen5,72,83.9,2.98,0.02908902874088231,0.038845073788487394,0.03656293298418748,0.05703685624879637,0.016736041989552364,-0.04669207066812939,0.026590945308591057,-0.07488500916312762,0.01733087063850743,-0.017941527268922803,SS,SS,SS,NN
RGen0_1082,RGen0,66,79,2.75,0.025897838632685122,0.016582511252840045,0.02142455014902177,0.004248516472702535,0.013128990598312776,-0.01905480786213772,0.015306344836496505,-0.02199035972016821,-0.08654227944868308,-0.0032432846996753753,SS,SS,SS,NS
RGen0_1083,RGen0,75,83,4.42,0.026305627003998015,0.01795983215062966,0.019385230932624585,0.03351087070227701,0.010660314105181522,-0.010718667644333177,0.00990724685736669,-0.0152742862994536,0.016780009570666735,-0.011386721734971659,SS,SS,SS,NN
RGen0_1084,RGen0,69,80.8,4.06,-0.06602121608121446,-0.0015110804913124856,0.015538314906986428,-0.021984244232145653,0.009915726464866907,0.005590780651767801,0.010260365275191089,-9.358495109166101e-4,0.01651321675190194,-0.013366281617371798,NS,SS,SS,NN
RGen0_1085,RGen0,73,85,4.4,-0.0660746298679707,-0.0038110228872327108,0.01778310477093161,0.0344343710711223,0.014230554476778356,-0.014705602436959465,0.003036287990570574,-0.005235290385900598,0.016982158165898986,-0.01150503628507267,NS,SS,SS,NN
RGen0_1086,RGen0,78,89,4.16,0.02688200718470803,0.014376285381253986,0.01564895369540779,0.013332102071237063,0.01734777914416885,-0.01908256069211338,0.010981823300259356,-0.002281778786811924,0.016501095857905795,-0.010175333477219451,SS,SS,SS,NN
RGen0_1087,RGen0,73,87,4.07,0.025831192086580912,0.017385328520387724,0.019099276657334865,-0.006627651599841429,0.013012519236804845,-0.0070724319644711806,0.01023745936268553,-0.01722744218407901,0.01643900093038271,-0.01198212529075114,SS,SS,SS,NN
RGen0_1088,RGen0,71,80,4.06,0.025311271828523045,0.018568036416582112,0.016584390725848545,-0.006285117882232573,0.015150473176227775,-0.01620551457087178,0.007712443590727691,-0.013615103191380864,0.01628548004052875,-0.0132261942968001,SS,SS,SS,NN
RGen0_1089,RGen0,71,83,3.32,-0.06572708529342418,-4.8817796825691053e-4,0.019698951284624067,0.013314021011474875,0.008414368143038418,-0.005614859039699083,0.007822888757291365,-0.007976714872460764,0.016438740469885537,-0.012540044840214124,NS,SS,SS,NN
RGen0_1090,RGen0,73,82,3.7,-0.15461851056316883,-0.022544619005266206,0.020675286704879628,0.028503656766617005,0.014514940675290567,-0.018670669514154237,0.012024767323162436,-0.011991909126096595,0.016339073669961658,-0.013918373855438421,NN,SS,SS,NN
RGen0_1093,RGen0,78,92,4.82,0.026593183021908925,0.017777849137984632,0.016563947444771666,-0.013381622240762687,0.013188932224857145,-0.019699933450758433,0.014299002984195746,-0.01156955789816046,0.016427276977018828,-0.011191347182220885,SS,SS,SS,NN
RGen0_1094,RGen0,67,78,3.05,0.02579474268250619,0.01939325923750062,0.0205429247061393,0.01426962293865609,0.01615517539180125,-0.022901404522947307,0.014530092660495797,-0.013571572445372772,0.01647845529664714,-0.013035656689490258,SS,SS,SS,NN
RGen0_1095,RGen0,71,83,3.06,-0.06617536293168369,-0.0010300124931604188,0.021024896500294963,0.01614447115494573,0.015879281951947533,-0.012629937005420547,0.008181910000856682,-0.011033303939787758,0.016489363983478552,-0.013334010859698174,NS,SS,SS,NN
RGen0_1096,RGen0,71,83,4.06,-0.06432784906668439,-0.0034342849672232144,0.011069309164232155,0.003104556937345622,0.01829596443671878,-0.00778594111595587,0.013971803137418037,-0.010894945451111044,0.01632010323411392,-0.010001361140017722,NS,SS,SS,NN
RGen0_1098,RGen0,75,88,3.52,0.02526651559269168,0.020090098589000124,0.015044110558148456,-0.002294629430846366,0.013669349712665226,-0.008784890947641427,0.01440901000787352,-0.008022922904204711,0.016747186430921115,-0.012332438343138153,SS,SS,SS,NN
RGen0_1100,RGen0,74,85,3.33,-0.0649537152768593,-0.005440469304661518,0.018075672644077646,0.025966734312964864,0.004808470877514365,-0.01426286313868587,0.006261883311140174,-0.00811764458802493,0.016795101571795455,-0.013467204483744992,NS,SS,SS,NN
RGen0_1101,RGen0,75,88,4,0.02560653351151207,0.019824922822878177,0.027726699328943928,0.03128334834299778,0.016030588374005405,-0.008399418074560266,0.008552233105623138,-0.014147031944695848,0.016843458968603574,-0.011757010175434793,SS,SS,SS,NN
RGen0_1102,RGen0,78,92,5.12,0.026298137966617435,0.017032326680361132,0.02231109064110375,0.004577082121690924,0.01308212793683032,-0.022240284285444216,0.008339749427130571,-0.013711666633932985,0.016774516504425258,-0.010916780806649741,SS,SS,SS,NN
RGen0_1103,RGen0,68,82,2.9,0.026506004717066746,0.01737105947137789,0.010307722465019929,0.005328895592289964,0.014550397235083293,-0.020531147952925877,0.0045749099789122935,-0.015233414531707476,0.0165773694247296,-0.013404112630200127,SS,SS,SS,NN
RGen0_1104,RGen0,77,87,4.64,0.025865235699018104,0.019869131013746738,0.01804723538264932,-0.01154931471358545,0.008492119947383596,-0.0131300025995708,0.0050887170896455405,-0.0016726709537145115,0.016366448496113264,-0.010869590745520134,SS,SS,SS,NN
RGen0_1105,RGen0,70,81,2.99,0.024174598401630776,0.01668711203336229,0.01501193444030247,0.005774556435588051,0.015691046427549017,-0.015676591435517646,0.0037344495996833277,-0.009504810349248032,0.016448248211001815,-0.012276672759184287,SS,SS,SS,NN
RGen0_1106,RGen0,74,86,3.86,-0.06600652139683603,7.518830349046194e-4,0.020150436134145622,-0.006436295901565984,0.017952413311261142,-0.018059996196447253,0.008814886673748294,-0.0173506930013211,0.014319553768583852,-0.015309658510112775,NS,SS,SS,NN
RGen0_1107,RGen0,73,85,3.56,-0.0648542982650606,-0.003443195119253421,0.013658237037937889,0.011820359646283795,0.014973828360000746,-0.017965816836901956,0.008438182298045438,-0.012085633617939929,0.016623825611907016,-0.013458993334670486,NS,SS,SS,NN
RGen0_1108,RGen0,64,76,2.2,0.02564831098697201,0.0165660459231909,0.0165877501428203,8.628266355012601e-4,0.007006220068455228,-0.009471770186865923,0.01266361358275703,-0.01157582994503793,0.016269771309496542,-0.01219269118060286,SS,SS,SS,NN
RGen0_1109,RGen0,74,86,4.05,-0.06233842021028124,-0.0018504253548806042,0.019992661240507734,0.015167897766679627,0.018424095419755256,-0.020320775734216742,0.005239526098218335,-0.0015283745992337367,0.016716051942082907,-0.01080085429843161,NS,SS,SS,NN
RGen0_1110,RGen0,75,91,4.84,0.026476949345940182,0.016667427814446214,0.02169564270183028,-4.758247001385465e-4,0.010203542921510362,-0.012166969971231907,0.006914869910642793,-0.004952254129395262,0.016703045858251185,-0.013439200192973785,SS,SS,SS,NN
RGen0_1111,RGen0,69,81,3.58,-0.06471972868500056,-1.0376308375361177e-4,0.009477078303823964,-0.017110088967431793,0.01668093252767464,-0.019992494274786422,0.008735371107257691,-0.009535933717111929,0.016690085857736882,-0.012396402786949728,NS,SS,SS,NN
RGen0_1113,RGen0,68,78,3.22,0.025215545476770827,0.015291504139875975,0.024076297106149915,0.030073913191023992,0.005679856521225564,-0.015631195984848568,0.006989428918870352,-0.014249217861457364,0.01638937743634874,-0.014167685917916454,SS,SS,SS,NN
RGen0_1114,RGen0,72,86,4.34,0.02581973329280899,0.01723898215487837,0.015558554191862634,-0.008283204567591317,0.014227369579790372,-0.02582302203547454,0.005557812043061425,-0.015967216718478994,0.01646993064941041,-0.013081559938358809,SS,SS,SS,NN
RGen0_1115,RGen0,71,83,3.74,-0.06647608197860642,-0.003714045494168872,0.018255232901950053,0.024111426466929205,0.012808260299823836,-0.0030549565053610015,0.004591504368215301,-0.013473784629735013,0.016221758622494774,-0.013505608134064939,NS,SS,SS,NN
RGen0_1116,RGen0,79,90,5.34,0.026067441682257452,0.017738249050664467,0.022397447258006964,0.0069539414063943235,0.012997865897951934,-0.015737125333870696,0.009566557672323516,-0.01496274536139551,0.01440414395275958,-0.017147486273127708,SS,SS,SS,NN
RGen0_1117,RGen0,70,82,3.49,0.027091373361995887,0.016459330945136467,0.01619200858664554,-0.0031835652019618532,0.01282822090136813,-0.017698836441257772,0.008991383703937933,-0.01290531585574972,0.01667971683061735,-0.011915090650153098,SS,SS,SS,NN
RGen0_1118,RGen0,78,93,5.45,0.026909566597501444,0.017477275684057155,0.01739491883396097,-0.0013566723064622381,0.010180159861563353,-0.015166097133263697,0.010518422766359874,-0.024849721355853848,0.016862504609974963,-0.012518122051150727,SS,SS,SS,NN
RGen0_1119,RGen0,68,80,2.89,-0.06483479057905014,-0.002703347235483073,0.013685347083526806,-0.005506632309877736,0.009102017107125436,-0.015091350621677328,0.004896919853441114,-0.00993974770131674,0.016630714763258826,-0.014131459686072071,NS,SS,SS,NN
RGen0_1121,RGen0,78,92,4.81,0.02599656145413023,0.019554714497590844,0.015234038408352612,-0.0051948983218186905,0.009484701971683303,-0.018710878736396246,0.0051286588931996205,-0.012685910294651551,0.016483520167235945,-0.010687203616086055,SS,SS,SS,NN
RGen0_1123,RGen0,79,94,5.11,0.026125590908897198,0.0163552441365957,0.022582748100680516,0.003240573993424,0.015216052208442478,-0.01904723590485112,0.007882293984611847,-0.01143320503789566,0.016386391736714044,-0.013325226152666372,SS,SS,SS,NN
RGen0_1124,RGen0,74,89,4.86,0.025343835865819862,0.017764339028036653,0.01682232812113096,0.012962104270786675,0.0176741799239069,-0.010426088746063116,0.011028909651070035,-0.005299049977673554,0.016678148146511182,-0.011298094152534398,SS,SS,SS,NN
RGen0_1125,RGen0,78,90,4.75,0.026648124157956237,0.014584765060538876,0.028024946015892283,0.029562792079086672,0.010526058440825646,-0.010108970506258547,0.0014282519321201267,-0.0046413530717583406,0.016520252555735238,-0.011385994357361843,SS,SS,SS,NN
RGen0_1127,RGen0,72,85,3.73,-0.15200884385057858,-0.02248252651683409,0.025054138118649413,0.02866263317390857,0.014862733256433338,-0.010312089369731513,0.0024878617480427988,-0.008365091599855797,0.016960546949270707,-0.023121555853813158,NN,SS,SS,NN
RGen0_1129,RGen0,73,85.5,4.34,-0.06502471091530918,-0.007356619759483777,0.02414248765638324,-0.001900011035095796,0.009835515870528328,-0.021732410496863176,0.004439717679072581,-0.01631093928778547,0.016662198897925026,-0.012771854484484608,NS,SS,SS,NN
RGen0_1130,RGen0,78,94,4.35,0.02706431800242747,0.013990529059651265,0.01968801865168292,0.01127999614843544,0.014262733186933758,-0.019206350539747643,0.009571476804547988,-0.010145874338287925,0.016448394915955553,-0.011361959514580864,SS,SS,SS,NN
RGen0_1131,RGen0,66,88,2.81,0.026218405024399864,0.019362016242035603,0.01831655963154596,0.018298147619192996,0.007182612209497926,-0.019472415411133547,0.0076217279431712885,-0.011960143631726646,0.016825885559471853,-0.011020292552308056,SS,SS,SS,NN
RGen0_1133,RGen0,70,82,4.19,0.02722524294807424,0.019395168785526756,0.017244501224337915,-0.0011468006195437686,0.014329532790617598,-0.014172107653016738,0.0039183881212397085,-0.006909146757014478,0.016604530719884228,-0.014086569087061398,SS,SS,SS,NN
RGen0_1134,RGen0,72,84,3.89,-0.06577442108376226,-0.0028396311033235134,0.020079494188842233,0.01935944201917366,0.0184955774424663,-0.028929840245561278,0.01652748447555392,-0.01170743777282834,0.016783615930050937,-0.013597488723437188,NS,SS,SS,NN
RGen0_1135,RGen0,74,86.7,4.38,0.026499042748270307,0.019366601729499642,0.01525178179625427,0.008458278549832785,0.006685713894568909,-0.01875178169805712,0.008901931975064024,-0.007214848449066816,0.016799369159483584,-0.011357559344777356,SS,SS,SS,NN
RGen0_1136,RGen0,80,95,5.4,0.027466436849109693,0.03138889041209877,0.023699530154671796,0.020155214822169427,0.004277672524775449,-0.022294607428519443,0.010722460196716337,-0.042744781654658455,0.01685622300103384,-0.014670724796959562,SS,SS,SS,NN
RGen0_1137,RGen0,74,86,4.14,0.026741570678929946,0.017158951558225635,0.0051033921045538725,0.008042847758827222,0.011599953750243313,-0.014795388494626931,0.010486140466949309,-0.008833521130073393,0.0167862655536748,-0.012934840613481673,SS,SS,SS,NN
RGen0_1138,RGen0,70,82,3.69,-0.1523513481498235,-0.022307987094814522,0.021511770063435603,0.009157580761745209,0.020828591982945264,-0.015360621464718248,0.008724337215871064,-0.014014325862985752,0.016707280023130634,-0.01259988143008662,NN,SS,SS,NN
RGen0_1139,RGen0,67,79,2.84,0.025334007010717235,0.016773255965401353,0.020099382780543195,0.029942668787984593,0.010217436398277017,-0.009116048917702077,0.0034870655014469926,-0.014058409321772289,0.016732402891319522,-0.010502836722407828,SS,SS,SS,NN
RGen0_1140,RGen0,76,90,4.1,0.026504264321551476,0.014093288207718133,0.011521092719926436,0.002562633327325835,0.01281857731979413,-0.014658479630216374,0.012907043633744827,-0.016119665230639138,0.016571032760080404,-0.014366130631309643,SS,SS,SS,NN
RGen0_1141,RGen0,74,88,3.94,-0.06478111904703317,-0.004251149767047264,0.021423713844691456,-0.008282645208403066,0.013157738944295623,-0.01693644433998802,0.014517481000401499,-0.02287268381061219,0.01673243305943549,-0.014335977157594233,NS,SS,SS,NN
RGen0_1143,RGen0,71,83,3.67,-0.06481487715868355,-0.001965980981862965,0.004795415412634493,-0.0035388227066968287,0.01302687422469758,-0.01672609721217191,0.011057826769356528,-0.014585930906565783,0.016343931898761856,-0.012528898772449776,NS,SS,SS,NN
RGen0_1144,RGen0,67,78,2.43,0.026014617039480922,0.020739601949745005,0.020786933566292663,0.027932759748286625,0.007706790679939717,-0.014797345461096694,0.0094126397497834,-0.011680046578613533,0.016378142232740974,-0.013248264399018455,SS,SS,SS,NN
RGen0_1146,RGen0,76,88,4.01,-0.0653323717883147,-0.0027233853743946217,0.022486749003430083,0.0024910370431402676,0.01026453937167529,-0.014967768647246265,0.003910513321060324,-0.00830688044553852,0.016845260246916387,-0.011847821940615285,NS,SS,SS,NN
RGen0_1147,RGen0,73,83,3.13,0.02643599953369131,0.01944839231794531,0.018761560905802215,0.02708890439888687,0.020132482841703978,-0.007732695947929889,0.0049476213724821,-0.0068617883761616484,0.01692140346657243,-0.013616320903720744,SS,SS,SS,NN
RGen0_1148,RGen0,71,84,3.81,0.027415346722852313,0.01257293241854042,0.006788864053413315,-0.15305076474779625,0.02945857131416543,0.125702714800066,0.03917177453865391,0.12628335151218567,0.017052715936477,-0.029916771685427553,SS,SS,NS,NN
RGen0_1149,RGen0,73,84,3.53,0.02860705124641492,0.005947277184945029,0.022032322596884788,-6.881018382339353e-4,0.017908227153856204,-0.02625875305950598,0.012577540099217771,-0.030817913979991392,0.015244759718067305,-0.0158419604729865,SS,SS,SS,NN
RGen0_1389,RGen0,70,83,3.79,-0.0656323640807358,-0.0020756872313203354,0.01918689361304002,0.023863358967289795,0.00993497080035782,-0.02219334565566347,0.006034308655400404,-0.0045056774918820425,0.01651242686759119,-0.01337277788615427,NS,SS,SS,NN
RGen0_1390,RGen0,73,86,4.08,0.02689353231062346,0.014389393739122699,0.013665924521313915,0.005772832487393579,0.008117432592298184,-0.01439126133124072,0.005122397396818009,8.806816459525762e-4,0.016848229652132438,-0.009850484152113032,SS,SS,SS,NN
RGen0_1391,RGen0,75,82,4.14,0.02583896411824792,0.017998089256328047,0.022611217131516575,0.03957578910975817,0.0036668713912832206,-0.016138070182792588,0.004867429638228206,-0.007674144398267873,0.016855708718683304,-0.012456059875126296,SS,SS,SS,NN
RGen0_1394,RGen0,78,92,4.27,0.027046460263560737,0.017469012766149726,0.02191919907911088,0.0193576420031547,0.013004425678751649,-0.015059897707320188,0.02134841982495544,-0.008136722360331038,0.01662692602970337,-0.013477857716737842,SS,SS,SS,NN
RGen0_1396,RGen0,78,91,4.74,0.03797456926178984,-0.12158603695300038,0.025608979561970044,0.008098063232401411,0.02188207655242765,0.015248581177279041,0.02226401462520008,0.03224583825200011,0.016657740667529647,-0.014289643480519334,SS,SS,SS,NN
RGen0_1409,RGen0,72,85,4.02,-0.15675832166775586,-0.023203846850042894,0.025774224418979447,0.01735536752990105,0.01624446930356339,-0.013253658519098498,0.0023438793114179796,-0.007497757591445001,0.016878785044334654,-0.0115820132275872,NN,SS,SS,NN
RGen0_1452,RGen0,77,91,3.67,0.025601199376843093,0.018945594801977838,0.012940928110911463,0.021341473055764552,0.010198863994335687,-0.012754639473843003,0.005789986748287052,-0.010375226664661402,0.016954113403954914,-0.01070169416282877,SS,SS,SS,NN
RGen0_697,RGen0,70,82,3.16,0.02547291326404784,0.016424009542343965,0.013039675832820608,0.009205497795531873,0.01032481792107868,-0.018780576370855933,0.010331905556907437,-0.01824099332073689,0.016639987966454224,-0.013892729386366874,SS,SS,SS,NN
RGen0_700,RGen0,77,90,3.91,0.02641456558182521,0.017589912114535387,0.016062059026388034,-0.0016796658872118896,0.012862180023101194,-0.007066414023547595,6.685632268578549e-4,-0.004440056996338894,0.01689842019219552,-0.010270444216372451,SS,SS,SS,NN
RGen0_712,RGen0,73,83,4.04,-0.06646190894443631,-0.005545510880338698,0.017895009118726136,0.0188911090200616,0.015412125653351297,-0.009714243077669266,0.0024629948780741364,-0.014172936839660429,0.01704911704970669,-0.02172095011578554,NS,SS,SS,NN
RGen0_716,RGen0,74,86,3.42,0.027261388510210375,0.013499015387453765,0.028786786749218075,0.03620726740017365,0.014144922216854058,-0.015239159312274412,0.013845616387433656,-0.005436055292250126,0.016577798580239205,-0.014175301857916123,SS,SS,SS,NN
RGen0_717,RGen0,69,83,3.23,-0.1581808444872469,-0.02433086547536387,0.012704456363555409,-0.012356040980363218,0.0133041668580647,-0.014633070502406056,0.0097979405093813,-0.01674214379592796,0.016948446973463628,-0.011984664381753513,NN,SS,SS,NN
RGen0_723,RGen0,74,86,3.93,-0.06630197215196643,-0.0026806351454860522,0.02458228354595738,0.023328113756840265,0.01576737825898155,-0.00697062638719949,0.008513812266307437,-0.01050706818777712,0.01691454526124429,-0.011832607885605063,NS,SS,SS,NN
RGen0_724,RGen0,71,84,3.78,0.02689525303108605,0.02081888378298343,0.018600019411609298,-0.019510420025929055,0.021974176415482587,-0.015389085858933307,0.012879311939619874,-0.01393224948182406,0.01464846293971794,-0.015481526102434424,SS,SS,SS,NN
RGen0_727,RGen0,73,84,3.61,0.0266510189318776,0.020767917762421106,0.018648296400356205,0.010774026436263668,0.01603713587451134,-0.004864379948723891,0.0077076751343417614,-0.013347855134472359,0.017000667992342296,-0.01144705959938555,SS,SS,SS,NN
RGen0_734,RGen0,75,88,4.45,-0.15668432541550728,-0.024204706880631328,0.012279587233779615,0.01181726470950829,0.011232936340447853,-0.012939462785630646,0.010473541820640971,-0.013386106041652137,0.01667406588975151,-0.012156506026516689,NN,SS,SS,NN
RGen0_736,RGen0,68,82,3.14,-0.06518242960304421,0.00396893602711067,0.003169767982847588,0.005532760593179714,0.013026278295435574,-0.021486909775659663,0.0069961658612547415,-0.008207026008801436,0.016939369305643194,-0.012738113076556168,NS,SS,SS,NN
RGen0_737,RGen0,70,82,3.38,0.026880603803009134,0.017685719231121826,0.027087694055237647,0.01936659309698479,0.016119084208410902,-0.014874502260300964,0.008640780406501071,-0.016434741565133925,0.016868693682512155,-0.011957622081333894,SS,SS,SS,NN
RGen0_744,RGen0,78,87,5.11,0.026340727886780612,0.016586389271242764,0.024992324090547163,0.03154383444964688,0.019340792495271094,-0.007741913773058887,0.010376748121432914,-0.0021408263631011474,0.016546277920492784,-0.011297063109407202,SS,SS,SS,NN
U1Gen5_223,U1Gen5,72,84,1.37,-0.07529658888440643,-0.0035150793890748985,-0.09949919531782903,-0.09719963622402747,-0.09023867499245189,0.1357245296430415,-0.07924601081215432,0.15318141100981908,0.016834585524757438,-0.013217523980607949,NS,NS,NS,NN
U1Gen5_224,U1Gen5,67,76,1.87,-0.16002549184919113,-0.023769339871138852,-0.09506749394735373,-0.003974916393223418,-0.10755271372268295,1.4405104291557286e-4,-0.09360342058150764,0.012926813932302599,0.01713364975085132,-0.013062286449724828,NN,NS,SS,NN
U1Gen5_225,U1Gen5,67,78,1.59,0.02351259055464866,0.02129007757975675,-0.03936307350265389,0.01965570791759453,0.010365756974821607,-0.006881105106394363,-0.09851874190371517,0.008201749665549525,0.017920211251538472,-0.020257114121913368,SS,NS,SS,NN
U1Gen5_226,U1Gen5,52,61,0.74,-0.07484186147226586,-0.0022535388802847507,0.01886262212325363,0.0046582711925189065,0.004858185754508366,-0.013506033987547976,-0.0882934739771996,0.004586091939244723,0.017562687029310287,-0.019068647851411866,NS,SS,SS,NN
U1Gen5_227,U1Gen5,79,92,2.35,-0.15261732964186092,-0.022099800190896492,0.0030358850738788643,-0.09889681736702959,0.010204415639433565,0.12436816892124364,0.009063240326294492,0.14384822072502854,0.01685161233010413,-0.014661909444694405,NN,SS,NS,NN
U1Gen5_228,U1Gen5,68,78,1.44,-0.07166604625124785,-0.005340923128793633,-0.10511842306495921,0.011774842944420664,-0.1073547503236124,0.0052277787234431446,-0.1117949554253921,0.024074374192660567,0.016912962944100916,-0.014167096412825892,NS,NS,SS,NN
U1Gen5_229,U1Gen5,71,82.4,2.44,0.022767041908689917,0.018950100944685758,-0.18804643142365238,0.031521489109943394,-0.13251474522518214,0.008566738021886258,-0.10063748410946617,0.01673519760844027,0.016956714882849926,-0.015973768914268507,SS,NN,SS,NN
U1Gen5_230,U1Gen5,66,76.6,2.18,-0.07074629023867651,-0.0024317533483516856,0.0059615923417017875,-0.1374830589066032,0.014461105074950194,0.1330209751696308,0.012261348423945488,0.1436302396553861,0.01729270369019924,-0.017761200175685242,NS,SS,NS,NN
U1Gen5_231,U1Gen5,71,82.4,2.23,-0.07299124960770882,-0.0037342383772426086,0.009925673182398212,-0.1094739185907224,0.02140984657703983,0.11843649153230484,0.031399282406644774,0.14179592792428108,0.017604345619839663,-0.02011316950894828,NS,SS,NS,NN
U1Gen5_232,U1Gen5,80,92.8,3.47,0.023857507327833722,0.021037806448448007,-0.18563478659471627,0.034362468056076616,-0.13027780936416064,0.008440258112233937,-0.10785334335780947,0.018354588434753304,0.01688829375932242,-0.014528450354867564,SS,NN,SS,NN
U1Gen5_233,U1Gen5,63,72,1.27,-0.07141577254345993,-0.004887882427821708,-0.19494616385640381,0.025264262625357078,-0.06255566628290414,0.002944933737706576,-0.015524488524759971,0.009589509768949704,0.017072181133304075,-0.01595072814817971,NS,NN,SS,NN
U1Gen5_234,U1Gen5,62,71,1.53,0.023328596526804635,0.019692643372213783,-0.04081915950116023,0.021990187488261537,-0.03014222141721715,-0.00998755576426649,-0.017470832106793517,0.019447331494162334,0.01716803879469726,-0.017152985566388324,SS,NS,SS,NN
U1Gen5_235,U1Gen5,64,76,2.15,0.011884231713446596,0.019626239140830486,-0.18897715342158494,0.03300456129582992,-0.18328098701708387,0.009229272469433406,-0.1251631995971373,0.014186809355108585,0.016711823012222123,-0.014708615629441299,SS,NN,SS,NN
U1Gen5_275,U1Gen5,76,90,3.33,0.025416285454312983,0.01918260160012128,-0.10347527638455462,-0.0973502459729047,-0.09258203693286488,0.12655985120432425,-0.09069767711953819,0.01736211075971327,0.017992309197911206,0.08591436643545092,SS,NS,NS,NN
U1Gen5_276,U1Gen5,69,79,2.45,-0.07593976393817024,-0.002746190571619061,-0.07518883251022561,0.014033528947439696,0.005651444205621233,-0.01882203329367089,0.006848854215024311,-0.016508716891151232,0.017328853345490666,-0.016033006183071456,NS,NS,SS,NN
U1Gen5_277,U1Gen5,71,80,2.68,0.019222980718550144,0.019281328746440427,-0.10164252706955552,-0.1056097463936602,-0.009564097492080035,0.13540217010424183,0.02084753350048423,0.15666668837359696,0.01751927081246304,-0.021265902890423388,SS,NS,NS,NN
U1Gen5_278,U1Gen5,63,74,2.08,-0.07043818596131393,-0.002742657429470484,-0.0907496103878234,0.01367472032079743,-0.0978676740230299,0.006784125832113836,-0.15912376929408328,0.02310598673352048,0.017062620918507503,-0.010981462842589341,NS,NS,SS,NN
U1Gen5_280,U1Gen5,66,79,2.64,-0.06516386450897077,-1.9094686689153967e-4,-0.19550977515826767,0.026842764754750226,-0.14192978857427993,0.008872116199955522,-0.1157546157920112,0.022854077793730172,0.017140876298499294,-0.01452298820296828,NS,NN,SS,NN
U1Gen5_281,U1Gen5,83,92,3.01,-0.07548059704375894,-0.004142834803701675,-0.09543707667572741,-0.1342464132465371,-5.099942457621743e-4,0.22704668846456688,0.04122534303439263,0.18804146742509534,0.01730427843634034,-0.016283381619118506,NS,NS,NN,NN
U1Gen5_282,U1Gen5,75,88,3.39,-0.0752310495202414,-0.0025553079197020157,-0.10147083425253026,0.02613443531342521,-0.10214929253500002,0.0026915396928261113,-0.12738002341020185,0.006147100483959772,0.017243249085700352,-0.01791021967721205,NS,NS,SS,NN
U1Gen5_283,U1Gen5,72,85,2.54,-0.06881339156982416,-0.002671441299611981,-0.19802657353652356,0.02555703955940067,-0.20794271328013877,0.012237076154730792,-0.20045098435666137,0.013692865641516906,0.01707008605439615,-0.015654447046898806,NS,NN,SS,NN
U1Gen5_284,U1Gen5,85,97,5.18,-0.1653409478240942,-0.026063335762455776,-0.17160707198609898,0.028182761596575918,-0.09787783834605855,-0.0033985168351100092,-0.08236538627154653,0.001218225229579047,0.017015082223517563,-0.014920686477131039,NN,NN,SS,NN
U1Gen5_285,U1Gen5,75,86,2.42,0.01485192136138369,0.01982798565592008,0.01668386487658931,-0.10739408782166371,0.024669793205993804,0.13014395911117366,0.032575964954975965,0.14483131797961654,0.01728556926734425,-0.017215410207550214,SS,SS,NS,NN
U1Gen5_286,U1Gen5,71,88,4.05,-0.06997033363727173,-0.002690978001185618,0.013701383830722115,0.014923099306275861,0.004993479112749123,-0.015590553001350215,-0.02782997536323126,0.006285807753261483,0.016952760990214095,-0.016750927934119236,NS,SS,SS,NN
U1Gen5_287,U1Gen5,70,80,2.81,0.023379461824167756,0.020576538107775752,-0.1992129159894573,0.023490980780583086,-0.20645372311053944,0.011335483343519994,-0.11765809478259436,0.021432791511388816,0.01684853630179467,-0.010763092211541307,SS,NN,SS,NN
U1Gen5_288,U1Gen5,80,93,3.96,-0.07428466848310276,-0.0023216411618043496,-0.1973378651574141,0.027150460186010375,-0.21531647665661524,0.013069876071913154,-0.215750942434501,0.020394191285367003,0.017485809877685783,-0.016976248565012224,NS,NN,SS,NN
U1Gen5_294,U1Gen5,65,76,2.23,0.024130817431787997,0.021045823662483584,-0.09634428887755123,0.024428470443741822,-0.11302201961255655,-0.0053830187307802495,-0.18677559527934512,0.014307232688744103,0.018020104099278643,-0.02038736087247401,SS,NS,SS,NN
U1Gen5_296,U1Gen5,63,74,2.34,-0.06767377159547858,-0.0027273936478036265,-0.06381390226841711,0.033273711648421384,-0.039016671279319626,0.0013708383606515905,-0.03631468218099527,0.02576257840024091,0.017719663640258232,-0.019867450114381503,NS,NS,SS,NN
U1Gen5_297,U1Gen5,76,87,3.68,-0.06983944641066969,-0.001478291232387092,-0.07999921634559586,0.02108982483999335,-0.0803577272919895,-0.008264723529145292,-0.018810425407721747,0.01886615299239174,0.0172398871072433,-0.01751138019255781,NS,NS,SS,NN
U1Gen5_298,U1Gen5,78,90,4.35,-0.0723527289285147,-0.0051256833532533404,-0.19703166222929192,0.025077608420181863,-0.21375677265275686,0.012631524307746578,-0.21642529169769295,0.020179355095697224,0.017806306689195982,-0.019713515233360544,NS,NN,SS,NN
U1Gen5_304,U1Gen5,80,90,3.9,-0.07346414009027863,-0.00475966542045316,-0.11059781828853284,0.0159819113006574,-0.21712144358183183,0.013185092484001045,-0.18813871372440927,0.0212194013598668,0.017707967392787603,-0.01700321815677085,NS,NS,SS,NN
U1Gen5_305,U1Gen5,59,67,2.04,0.025261742769741705,0.017979084459947347,-0.1086111582447309,0.012411931806224293,-0.21519256006114315,0.013113148266658319,-0.2161401399917364,0.022611770411956562,0.01734607171637583,-0.015745380577061627,SS,NS,SS,NN
U1Gen5_306,U1Gen5,59,69,1.46,0.024082786465345916,0.01947746923357344,-0.1946306327638429,0.01704432846124205,-0.2165943549122957,0.013146215180446482,-0.18797717714278742,0.021664950264245232,0.01765342707955631,-0.018091807282847823,SS,NN,SS,NN
U1Gen5_307,U1Gen5,61,72,1.46,-0.07470546357416859,-0.003016302139568172,-0.18983844030179062,0.031656684530540095,-0.1556866425088495,0.005042862578833686,-0.20012472590255004,0.0131159446766607,0.018064620146465458,-0.021171608472519463,NS,NN,SS,NN
U1Gen5_308,U1Gen5,81,96,5.91,-0.06939669699137214,-0.002144400313557122,-0.1911049428801095,0.03334390306612461,-0.2088304099015578,0.011499880862391405,-0.20285501444552104,0.013706256000531531,0.01767800010050231,-0.015412741553436873,NS,NN,SS,NN
U1Gen5_310,U1Gen5,70,81,3.81,0.024305442169514958,0.019990553865328047,-0.19673653270132677,0.0276352672020983,-0.20548681560469573,0.011591464422613258,-0.18303552978882853,0.012634386639086899,0.017447192879191,-0.014200118394866552,SS,NN,SS,NN
U1Gen5_313,U1Gen5,73,85,3.83,0.024944269908006012,0.019434082326235093,-0.1071887188834487,0.01685516812465831,-0.14449122888187096,0.008369939057244641,-0.1495330813297,0.0218595521022098,0.017642039104611963,-0.01832292150092023,SS,NS,SS,NN
U1Gen5_317,U1Gen5,74,84,3.43,-0.16344790682937393,-0.02556141922933268,0.02081324887879747,0.03123495272881984,0.005275539698996764,-0.016131589279542804,-0.009020873692791663,-0.008522656261977827,0.0174906511756812,-0.01869831587434805,NN,SS,SS,NN
U1Gen5_318,U1Gen5,75,83,3.91,0.014887373007777448,0.019952939664546577,-0.10486290177321969,0.011312527673598728,-0.03246683702101307,-0.020180512781396973,0.008067751309584887,-0.009547992993273087,0.017410984166854312,-0.016401510660130274,SS,NS,SS,NN
U1Gen5_320,U1Gen5,76,87,3.48,-0.06765629737923966,-0.002122255371050956,-0.08099422477687168,0.04527748396889133,-0.0939681032041529,-0.0010091870890153066,-0.16552103442297325,0.005662831765202664,0.016867026818590286,-0.011211206544788197,NS,NS,SS,NN
U1Gen5_322,U1Gen5,58,69,1.49,-0.07248112786713874,-0.004309593156759951,-0.19628306048674155,0.026489705712800078,-0.1490118796885665,0.008021343510194975,-0.13907749094653,0.024274269524083927,0.017097842048954866,-0.013430785884537185,NS,NN,SS,NN
U1Gen5_323,U1Gen5,70,81,2.6,-0.0690613149140523,5.7253812626292865e-6,-0.08590361714097379,0.039699118181713865,-0.10696161046345275,-0.004876830448790761,-0.07768000170894507,0.004723363430582801,0.016893518362116174,-0.013755354824813203,NS,NS,SS,NN
U1Gen5_325,U1Gen5,75,85,3.45,-0.1629753290532867,-0.02536584860609786,-0.09930071750325618,0.017373198285965126,-0.2147588847599135,0.012338521237866157,-0.21655185381777975,0.02296224308445756,0.0171474214266249,-0.016926876715081605,NN,NS,SS,NN
U1Gen5_326,U1Gen5,71,82,3.07,-0.07024323613547907,-8.359928573795488e-4,-0.0806018634719637,0.048109723521401956,-0.09729651353272957,0.001085793443708079,-0.08836380489272115,-0.001787729058719553,0.01653993417077389,-0.013790913535713496,NS,NS,SS,NN
U1Gen5_327,U1Gen5,77,91,3.88,-0.07106001011407075,-9.253961994773054e-4,-0.11527058587597562,0.02504053042602748,-0.13013479716372323,-7.309471631403582e-4,-0.22879941274175397,0.020753131923991107,0.017513831102935275,-0.018360317282806616,NS,NS,SS,NN
U1Gen5_351,U1Gen5,78,92,4.31,-0.06855215014803535,-0.001328641951424223,-0.09692145054396385,0.018774798549308382,-0.04554834099515802,-0.017549994590296297,-0.08487810267434892,-0.0037113106162693682,0.016912170235054324,-0.014652154558689722,NS,NS,SS,NN
U1Gen5_353,U1Gen5,69,82,3.15,-0.16311766885109374,-0.0259269207647859,-0.1927426627839272,0.027262789436485652,-0.206068400832855,0.01088500457617979,-0.20003291298335343,0.014224843558092417,0.016973224096482435,-0.012395529245473541,NN,NN,SS,NN
U1Gen5_354,U1Gen5,78,90,4.53,-0.15969682336135424,-0.02429812435533983,0.013719107535141564,-0.1333078295898891,0.025005248076084542,0.12436847497402884,0.02714024028893529,0.1349922365028608,0.01641805970796872,-0.014452638624351628,NN,SS,NS,NN
U1Gen5_356,U1Gen5,68,81,3.02,-0.07500131487535437,-0.003456153294960362,-0.09930625008536101,0.012126953238508806,-0.10250028356208979,-0.008737418338092641,-0.09375348971495823,-3.3591123692927724e-4,0.017881507309096083,-0.02194778215465163,NS,NS,SS,NN
U1Gen5_357,U1Gen5,64,74,2.24,-0.06910964464645944,-0.003702007688475332,-0.1574732619850191,0.020759636685774973,-0.2146394933374606,0.01292009600937531,-0.18289323076163233,0.020683533622003803,0.017725847474620134,-0.01821329236875219,NS,NN,SS,NN
U2Gen5_1460,U2Gen5,73,90,2.02,0.03313037839309506,-0.019555395485782768,0.01892777405706348,0.022825421566565564,0.01222841985851304,0.013743380603957373,0.02358409839627844,0.009371590760189598,0.01966913239808512,0.2375489805817322,SS,SS,SS,NN
U2Gen5_1462,U2Gen5,74,84,2.97,0.029093821209706525,0.004437674047143773,0.02146138603731908,0.015575409036960208,0.02295237089815183,0.015109435147660043,0.03167951124593688,0.033685845741511844,0.018091688673704084,0.12147262840122335,SS,SS,SS,NN
U2Gen5_1464,U2Gen5,64,75,1.27,0.03819271811133525,-0.09098375875553366,0.019000769959774632,0.011986080027397945,0.031968158878579386,0.038491922771188875,0.05215140660508651,0.06551309528607138,0.017419400627825772,0.06127252602131563,SS,SS,SS,NN
U2Gen5_1465,U2Gen5,69,73,1.54,0.03197282912493941,-0.04179305488891218,0.0010593380845123838,-0.16094321905525388,0.02774688378850762,0.1287367052952946,0.03323860863252009,0.14434603434333496,0.016470243559590016,-0.006958337441148634,SS,SS,NS,NN
U2Gen5_1529,U2Gen5,67,79,2.42,0.04878853718947752,-0.24469669236010147,0.0062871708366348264,-0.14694268796307533,0.03540727032474703,0.14210081570343938,0.016419623986498273,0.012277913349877344,0.01819192364191034,0.12386498456239478,SS,SS,NS,NN
U2Gen5_1530,U2Gen5,68,80,2.23,0.031229052148521032,-0.006172914490193163,0.023345488270513522,0.02810562113625567,0.02100348519669386,0.022368416846866718,0.03595740742508761,0.029857433078242797,0.0197338760574121,0.2386199590578182,SS,SS,SS,NN
U2Gen5_1533,U2Gen5,65,77,1.75,0.03917302121947503,-0.1208585346299672,0.004842942295376818,-0.1496403007010886,0.024413553621976312,0.10970838179707681,0.03318699788325312,0.034753932974477514,0.016811817296666944,-0.008271833524382535,SS,SS,NS,NN
U2Gen5_1534,U2Gen5,64,75,2.1,0.031129741969400552,-0.004044615951492372,0.006603358428601922,-0.14663178378839525,0.032324856270506304,0.14201470866254406,0.04276864231763261,0.14527865869836606,0.01858080902065046,0.1266998244064793,SS,SS,NS,NN
U2Gen5_553,U2Gen5,70,80,2.38,0.041346263662626476,-0.13280269604354483,0.00817362205945773,-0.15092790494175443,0.03897872283268113,0.14841467149700763,0.0568537815491018,0.17166822631490378,0.016961405040872762,-0.0071275563334103785,SS,SS,NS,NN
U2Gen5_554,U2Gen5,65,78,2.45,0.03938180745426294,-0.12822099902882633,0.024661810207485757,0.029996218853005185,0.008544837067835776,0.005296725682173243,0.01726027142266812,-0.00633867770124898,0.018409725187383694,0.1226854485703709,SS,SS,SS,NN
U2Gen5_555,U2Gen5,72,82,2.61,-0.06552127829586223,-0.0016554589175341412,0.016769208146625237,-0.006049322288463338,0.019194276292471182,0.0011595725491399171,0.008359090741316305,9.362010704865477e-4,0.017946733769138024,0.0768054196202055,NS,SS,SS,NN
U2Gen5_556,U2Gen5,78,91,3.24,0.03630786842889555,-0.05831644281089185,0.014332299479540955,0.021601012858900148,0.01099471812264675,0.01292957354234521,0.023099217292334485,0.008642373522185024,0.018843426915482867,0.15567781697253028,SS,SS,SS,NN
U2Gen5_557,U2Gen5,73,84.5,2.95,0.045267044242471716,-0.20030564854048521,0.018660350973448207,0.011045066237376795,0.03230871755156375,0.03841452393227725,0.051794342073015455,0.06504380586163569,0.018319707888434515,0.12087456720997497,SS,SS,SS,NN
U2Gen5_559,U2Gen5,71,81,2.34,0.03128621739749498,-0.005615525536268563,0.017576933312637967,0.017433631200475717,0.012699468653791457,0.011915882664071833,0.025764604309384667,0.004737471859693093,0.018506493650603882,0.12478462565846252,SS,SS,SS,NN
U2Gen5_560,U2Gen5,70,81.1,3.47,0.04104600466000239,-0.13026175629791747,0.014554519192406109,0.020692004489922467,0.01710473695302053,0.01434331033881906,0.01741699516706115,3.435833214434598e-4,0.019530745817465906,0.21542188415901037,SS,SS,SS,NN
U2Gen5_561,U2Gen5,57,64,1.14,0.03917584890441878,-0.12739645315563183,0.018491166282972114,0.013263441986431852,0.007214199365847386,-0.006785142319402311,0.016795654787315647,-0.0027834183306953554,0.018499679205636853,0.12464598881818802,SS,SS,SS,NN
U2Gen5_562,U2Gen5,71,84,3.18,0.04058301913370377,-0.12963151781272436,0.006050653189277368,-0.14401383484794156,0.02610574990584683,0.1371871108760593,0.026125893158152384,0.05661968284184361,0.01708157337580738,-8.04819151119579e-4,SS,SS,NS,NN
U2Gen5_563,U2Gen5,70,83,2.31,0.04606321701917435,-0.20561741892862828,0.007924544612676969,-0.14599048715632906,0.03306658903406643,0.13787998803514642,0.035519493089340076,0.04378464009529545,0.0195773495647978,0.23662070981049702,SS,SS,NS,NN
U2Gen5_564,U2Gen5,75,85,2.79,0.03862120397930444,-0.10204929977446707,-3.836908938507215e-4,-0.26091797550607165,0.0381166904171125,0.24363575249022928,0.034457586980956675,0.12022340603212531,0.01797085567871762,0.08578569869219474,SS,SS,NN,NN
U2Gen5_565,U2Gen5,52,58,0.82,0.035185507103168485,-0.0698035915986168,0.027286867906460194,0.019419786063663295,0.017976170321812195,0.019957092411190442,0.03769455931373089,0.03239152392872872,0.016887682481609465,-0.010631773625010988,SS,SS,SS,NN
U2Gen5_566,U2Gen5,61,70,0.88,0.03715294005009303,-0.0783731311528264,0.021666631182098724,0.023491931609904843,0.019736690425033808,0.011439832541203428,0.03574206385411223,0.03865605945010507,0.016538194209163228,-0.010023193209877317,SS,SS,SS,NN
U2Gen5_567,U2Gen5,70,82,2.7,0.029322986060076488,0.003441402113056869,-0.09156879281825893,0.022094156076725352,-0.1079908658662481,0.004042681743944306,-0.08706066369674047,0.03747502776083484,0.017145287522785824,-0.011001507578762136,SS,NS,SS,NN
U2Gen5_568,U2Gen5,77,86,3.92,0.04835812707218064,-0.24167784408357645,0.021696181391656955,0.019396700795228098,0.01878689593156891,0.029282861491351043,0.028987830406736904,0.03290071880735436,0.016992366902694147,0.0028487147655224354,SS,SS,SS,NN
U2Gen5_569,U2Gen5,77,89.2,3.05,-0.05300695307039511,-0.14396723675111806,0.011512296311881748,-0.1034561069528463,0.033443292245487,0.14564798239230378,0.043746895691618125,0.14700127213011413,0.01796148214252282,0.06308636532878151,NS,SS,NS,NN
U2Gen5_571,U2Gen5,75,87,3.3,0.04853877006805498,-0.24258862630950692,0.02122600739981284,-0.002374549272049755,0.022027778062402498,0.018115757038772266,0.03692029568538794,0.03399185369398244,0.01682057232382904,-0.010891758511117861,SS,SS,SS,NN
U2Gen5_572,U2Gen5,71,85,3.03,0.04290592133251594,-0.1807164404754916,0.003912535993701017,-0.16303080929509944,0.025383196784723765,0.13031517828618636,0.01311732006402522,0.01791184117641393,0.01786932995852134,0.12363058556520236,SS,SS,NS,NN
U2Gen5_573,U2Gen5,66,79,2.64,0.04185717178283217,-0.13675786352462105,0.01830860970630086,0.010190653648181202,0.026849762337135725,0.024859283714133446,0.030400492556013372,0.030513741220715457,0.0187097139026706,0.15487995831603335,SS,SS,SS,NN
U2Gen5_574,U2Gen5,59,67,1.65,0.04313228985546435,-0.15975465194726704,0.02145019954501468,0.01975613902006128,0.02910576494992459,0.034456067068221866,0.03405456145692569,0.04140286675950844,0.017989893509142665,0.12305995281013646,SS,SS,SS,NN
U2Gen5_575,U2Gen5,71,84,3.67,0.04217358413303467,-0.15920604723045725,0.014010288591602619,0.0015199796061641973,0.02110221857771267,0.02029666652162907,0.03382794334040044,0.03541659335385193,0.01689473566848096,-0.002687662914779571,SS,SS,SS,NN
U2Gen5_576,U2Gen5,72,84,2.18,0.03693405966286276,-0.11759916957741555,-0.06287709736139804,0.018699459538163214,-0.10886809482644642,0.016490289057024352,-0.08643285382507182,0.008797803379710865,0.018534114897101373,0.11272463764171735,SS,NS,SS,NN
U2Gen5_577,U2Gen5,77,88,3.95,0.03204273857441865,-0.0051240660122052455,0.011043569061487828,0.014327972213991921,0.01811603620659371,0.01578658572030806,0.017850005914090916,0.0013152471272781148,0.018821968174734142,0.1898911203640442,SS,SS,SS,NN
U2Gen5_578,U2Gen5,75,87,3.79,0.031091343219560533,-0.006098712183200236,-9.693692291005011e-4,-0.15057564535702123,0.03344083596801069,0.14361153210244718,0.042236213962147905,0.15020567083891176,0.01827850286503866,0.1265141744898659,SS,SS,NS,NN
U2Gen5_579,U2Gen5,57,68,1.24,0.04327697127350569,-0.16258292593400994,0.013759591995001371,-0.0011997987428433224,0.012831966640389547,0.00722504169602856,0.015237855345351622,-0.0014792958707259267,0.01676212086699518,-0.005641815948501934,SS,SS,SS,NN
U2Gen5_581,U2Gen5,56,65,1.16,0.039827755464074306,-0.12618378650419598,8.083133505336109e-4,-0.26084352728283733,0.03819800669421136,0.24092226739316777,0.041366780313991804,0.14676683679451152,0.018294101953796587,0.12842261060290047,SS,SS,NN,NN
U2Gen5_582,U2Gen5,61,70,1.86,0.039998910612717604,-0.12694039863705311,0.007954647531301333,-0.15058893376782284,0.02159803603020964,0.1412186794230128,0.03809864777684575,0.14299261705752675,0.018418372255142937,0.12181987815921728,SS,SS,NS,NN
U2Gen5_583,U2Gen5,72,86,1.55,0.03960142323538104,-0.10338766117054306,0.017569550807989626,0.004691868179200404,0.009165742767958398,0.01198865630952446,0.014831766952691014,-0.004987591307855853,0.017797059592968713,0.08401931851586227,SS,SS,SS,NN
U2Gen5_584,U2Gen5,64,73,2.18,0.03719986494742292,-0.09978167058421464,0.02046584758875068,0.023861427408661415,0.011538671924107399,0.004935981930150246,0.011742919972242343,-0.008915673298513895,0.016842036900941475,0.0024571197033928247,SS,SS,SS,NN
U2Gen5_585,U2Gen5,77,89,4.67,0.04712465077693214,-0.2170545590884397,0.021205953385023773,0.023654058795162632,0.011005542565140629,0.004446720425802484,0.014791768407838508,-0.006235306704239031,0.018616101154950004,0.12769108503451795,SS,SS,SS,NN
U2Gen5_586,U2Gen5,73,84,4.26,0.031522839977888045,-0.00999144727649749,-4.7960210015263074e-4,-0.1482480886039401,0.030320948844549014,0.12469747756351404,0.015279668476682717,0.008772279092803023,0.017340717130792906,0.03135400673419949,SS,SS,NS,NN
U2Gen5_587,U2Gen5,74,85,4.07,0.03417990368249634,-0.03269026355332394,0.0035467311715155817,-0.1463762718732394,0.028575471142237154,0.12777321212278506,0.02260396914099987,0.01553179666548867,0.01931019658732144,0.23871836852300124,SS,SS,NS,NN
U2Gen5_588,U2Gen5,86,98,5.9,0.03773195246126948,-0.0873226782182908,0.02180142029428792,0.00737201339076189,0.023614413070054616,0.021202397478621553,0.03912257581509381,0.03503971819687093,0.018115941101321278,0.11658244459384759,SS,SS,SS,NN
U2Gen5_589,U2Gen5,63,72,2.28,0.048466917370493544,-0.24232126883434865,0.013612328632474635,-0.0203669036308705,0.025247617560229713,0.1386583990637603,0.039030975116754775,0.13415326016512097,0.016880376258894342,0.01117819354414491,SS,SS,NS,NN
U2Gen5_590,U2Gen5,84,94,5.23,0.03308206037758453,-0.020208254783324518,0.0040917907888524995,-0.15563546857837,0.037800894413304274,0.14857589551766243,0.03371256548632141,0.042938720701911626,0.019150993608409547,0.19733584943742177,SS,SS,NS,NN
U2Gen5_593,U2Gen5,71,84,3.06,0.034734491122311764,-0.040936204364034695,0.01496570434689995,0.02136059781754413,0.011039693364303963,0.01321724907645475,0.019692160004658236,0.005375159824390893,0.019183347374114167,0.234963445823024,SS,SS,SS,NN
U2Gen5_594,U2Gen5,75,87,3.41,0.041527795752004215,-0.13600935602112643,0.012326990479157333,0.004924819711886848,0.02683794612168042,0.020913478730369424,0.036841252914425124,0.036431979311350594,0.019383305192722192,0.23773110164921343,SS,SS,SS,NN
U2Gen5_595,U2Gen5,76,88,5.32,0.028023989578911765,0.01431119003392302,0.005143391479859517,-0.15165666199232297,0.03612668971565019,0.1520379260353401,0.055494185256000625,0.16414469088492842,0.016710487621035323,-0.007076932608489862,SS,SS,NS,NN
U2Gen5_596,U2Gen5,76,88,4.58,0.03897238873443117,-0.1273886942879303,0.0034466559526122,-0.15660557552078241,0.03808555229243066,0.25188359560438256,0.05962982662580205,0.2539746086030705,0.01683775116268963,0.008650762389196376,SS,SS,NN,NN
U2Gen5_597,U2Gen5,72,82,3.18,0.030225972704927148,-0.004273850199679293,0.005081979498359217,-0.14439965124624882,0.03751131366248706,0.15235562913652342,0.058731262543858014,0.17525234230506256,0.01819046250920746,0.13113997926160342,SS,SS,NS,NN
U2Gen5_598,U2Gen5,74,86,4.24,0.04662027501571064,-0.21085089344401345,0.02096070128497519,0.016534038876827313,0.02122590715721341,0.02690837125262624,0.031798447998874144,0.03167527433251828,0.017056206090572103,0.006486490502227602,SS,SS,SS,NN
U2Gen5_599,U2Gen5,70,81.1,3.21,0.041927738576828966,-0.15010609008334744,0.021786304867863492,0.0252568710178507,0.008182366576474786,0.01410100662601307,0.015511445615162106,-0.0028442704911428415,0.016868903683205372,-0.005902006177785004,SS,SS,SS,NN
